id,file
345,documents/Guaranteed-Interview-Scheme.pdf
29,documents/Development-Initiatives-Partner-Code-of-Conduct.pdf
37,documents/DIPR-accounts-2018.pdf
38,documents/DIPR-accounts-2017.pdf
39,documents/DIPR-accounts-2016.pdf
40,documents/DIPR-final-accounts-2015.pdf
41,documents/DIPR-accounts-2014.pdf
42,documents/DIPR-accounts-2013.pdf
43,documents/DII-accounts-2018.pdf
44,documents/DI-accounts-2017.pdf
45,documents/DII-accounts-2016.pdf
46,documents/DII-accounts-2015.pdf
47,documents/DII-accounts-2014.pdf
48,documents/DII-accounts-2013.pdf
1360,documents/DII_-_Final_accounts_2022.pdf
3,documents/Presentation_Vulnerability-and-resilience-in-Somalia.pdf
4,documents/Report_Uganda-DRR-budget-tracking-What-are-the-key-areas-of-investment.pdf
26,documents/Development-Initiatives-Recruitment-Policy.pdf
1260,documents/Aid_in_2021_Key_facts_about_official_development_assistance.xlsx
1361,documents/DIPR_-_Final_accounts_2022.pdf
1367,documents/Global_Humanitarian_Assistance_Report_2023_Summary_French.pdf
49,documents/ODA-for-domestic-revenue-mobilisation.pdf
50,documents/the-enabling-environment-for-private-sector-development_discussion-paper.pdf
51,documents/countries-being-left-behind_report.pdf
21,documents/Global-Humanitarian-Assistance-Report-2000.pdf
52,documents/DIs_Nepal_Partners_RH.pdf
69,documents/kenya_county_budget_2016-17_-_2018-19_kisumu_west_pokot_baringo_laikipia.xlsx
70,documents/kenya_county_revenues_2013-14_-_2016-17.xlsx
71,documents/trends_in_inflows_of_international_financing_itep3_2000-2016.xlsx
72,documents/trends_in_inflows_of_international_financing_itep3_2000-2016.csv
73,documents/list_of_countries_being_left_behind.xlsx
74,documents/list_of_countries_being_left_behind.csv
75,documents/non-grant_government_revenue_us_and_ncu_2000-2022.xlsx
76,documents/non-grant_government_revenue.csv
77,documents/list_of_least_developed_countries_as_of_december_2018.xlsx
78,documents/list_of_least_developed_countries_as_of_december_2018.csv
79,documents/di_gha_iha_all_donors_2000-2018.xlsx
80,documents/di_gha_iha_recipients_2000-2017.xlsx
81,documents/di_gha_iha_recipients_2000-2017.csv
1277,documents/Developer_internship_recruitment_pack.pdf
1278,documents/Developer_internship_recruitment_pack.docx
82,documents/enhancing_access_to_safe_water_and_improved_sanitation_services_in_kenya.xlsx
83,documents/enhancing_access_to_safe_water_and_improved_sanitation_services_in_kenya_JAGftqi.xlsx
84,documents/enhancing_access_to_safe_water_and_improved_sanitation_services_in_kenya_zOY7wcX.xlsx
85,documents/enhancing_access_to_safe_water_and_improved_sanitation_services_in_kenya_0UROSxN.xlsx
86,documents/tracking_subnational_government_investments_in_disaster_risk_reduction_in_kenya.xlsx
54,documents/Report_Kenyas-2019-20-budget-and-the-big-four-agenda-a-pro-poor-analysis.pdf
87,documents/tracking_subnational_government_investments_in_disaster_risk_reduction_in_ken_ndQ8TO2.xlsx
88,documents/tracking_subnational_government_investments_in_disaster_risk_reduction_in_ken_Kxo9SqB.xlsx
89,documents/tracking_subnational_government_investments_in_disaster_risk_reduction_in_ken_7HLwn6Q.xlsx
90,documents/tracking_subnational_government_investments_in_disaster_risk_reduction_in_ken_1Cj0Ifq.xlsx
91,documents/tracking_subnational_government_investments_in_disaster_risk_reduction_in_ken_jz6nyJp.xlsx
92,documents/tracking_subnational_government_investments_in_disaster_risk_reduction_in_ken_mLF7glh.xlsx
93,documents/tracking_subnational_government_investments_in_disaster_risk_reduction_in_ken_3Hu45f2.xlsx
94,documents/tracking_subnational_government_investments_in_disaster_risk_reduction_in_ken_zYADDWz.xlsx
95,documents/tracking_subnational_government_investments_in_disaster_risk_reduction_in_ken_1r5p5cQ.xlsx
96,documents/tracking_subnational_government_investments_in_disaster_risk_reduction_in_ken_o9RFvef.xlsx
97,documents/tracking_subnational_government_investments_in_disaster_risk_reduction_in_ken_JCjP9hL.xlsx
98,documents/tracking_subnational_government_investments_in_disaster_risk_reduction_in_ken_4duhDQS.xlsx
99,documents/tracking_subnational_government_investments_in_disaster_risk_reduction_in_ken_yueBAWw.xlsx
100,documents/tracking_subnational_government_investments_in_disaster_risk_reduction_in_ken_21tJrxd.xlsx
101,documents/tracking_subnational_government_investments_in_disaster_risk_reduction_in_ken_h1cijlH.xlsx
102,documents/tracking_subnational_government_investments_in_disaster_risk_reduction_in_ken_nobWLIL.xlsx
103,documents/tracking_subnational_government_investments_in_climate_change_mitigation_and__IZ5AIT5.xlsx
104,documents/tracking_subnational_government_investments_in_climate_change_mitigation_and__QHNmGqn.xlsx
105,documents/tracking_subnational_government_investments_in_climate_change_mitigation_and__B8hdfcy.xlsx
106,documents/tracking_subnational_government_investments_in_climate_change_mitigation_and__gz7vZ4R.xlsx
107,documents/tracking_subnational_government_investments_in_climate_change_mitigation_and__8x1lu4A.xlsx
108,documents/tracking_subnational_government_investments_in_climate_change_mitigation_and__W94hLKS.xlsx
109,documents/tracking_subnational_government_investments_in_climate_change_mitigation_and__MvbObkY.xlsx
110,documents/tracking_subnational_government_investments_in_climate_change_mitigation_and__eSNfEXY.xlsx
111,documents/tracking_subnational_government_investments_in_climate_change_mitigation_and__2Zk5pdd.xlsx
112,documents/tracking_subnational_government_investments_in_climate_change_mitigation_and__K7idm6N.xlsx
113,documents/tracking_subnational_government_investments_in_climate_change_mitigation_and__tLfvRuL.xlsx
114,documents/tracking_subnational_government_investments_in_climate_change_mitigation_and__3qUuEph.xlsx
115,documents/tracking_subnational_government_investments_in_climate_change_mitigation_and__NEo79eO.xlsx
116,documents/tracking_subnational_government_investments_in_climate_change_mitigation_and__SjO746b.xlsx
117,documents/tracking_subnational_government_investments_in_climate_change_mitigation_and__UNoAemM.xlsx
166,documents/itep_chapter_2_excel_files_zXBJmFX.xlsx
167,documents/itep_chapter_2_excel_files_dNYyEK0.xlsx
118,documents/tracking_subnational_government_investments_in_climate_change_mitigation_and__wKpjbSw.xlsx
119,documents/tracking_subnational_government_investments_in_climate_change_mitigation_and__qjBqM4D.xlsx
120,documents/tracking_subnational_government_investments_in_climate_change_mitigation_and__ajW1f6u.xlsx
121,documents/strengthening_subnational_government_own-source_revenue_mobilisation_in_kenya.xlsx
122,documents/strengthening_subnational_government_own-source_revenue_mobilisation_in_kenya_DLd8gmA.xlsx
123,documents/strengthening_subnational_government_own-source_revenue_mobilisation_in_kenya_E2WQ2hD.xlsx
124,documents/strengthening_subnational_government_own-source_revenue_mobilisation_in_kenya_4lldrAY.xlsx
125,documents/strengthening_subnational_government_own-source_revenue_mobilisation_in_kenya_OcMZrWg.xlsx
126,documents/strengthening_subnational_government_own-source_revenue_mobilisation_in_kenya_lLxkf37.xlsx
127,documents/pro-poor_analysis_of_kenyas_2018-19_budget_estimates.xlsx
128,documents/pro-poor_analysis_of_kenyas_2018-19_budget_estimates_D27u4ua.xlsx
129,documents/pro-poor_analysis_of_kenyas_2018-19_budget_estimates_6sV1vpP.xlsx
130,documents/pro-poor_analysis_of_kenyas_2018-19_budget_estimates_LSQ7LWo.xlsx
131,documents/pro-poor_analysis_of_kenyas_2018-19_budget_estimates_Lret3iA.xlsx
132,documents/pro-poor_analysis_of_kenyas_2018-19_budget_estimates_yUvlIZ8.xlsx
133,documents/pro-poor_analysis_of_kenyas_2018-19_budget_estimates_WJndWyj.xlsx
134,documents/pro-poor_analysis_of_kenyas_2018-19_budget_estimates_jlSXhII.xlsx
135,documents/pro-poor_analysis_of_kenyas_2018-19_budget_estimates_9eOJm55.xlsx
136,documents/pro-poor_analysis_of_kenyas_2018-19_budget_estimates_yva1KKY.xlsx
137,documents/pro-poor_analysis_of_kenyas_2018-19_budget_estimates_2doOH92.xlsx
138,documents/itep_chapter_3_excel_files.xlsx
139,documents/itep_chapter_3_excel_files_BhDKTva.xlsx
140,documents/itep_chapter_3_excel_files_PsGNKuL.xlsx
141,documents/itep_chapter_3_excel_files_z7c1GK8.xlsx
142,documents/itep_chapter_3_excel_files_emlcfDE.xlsx
143,documents/itep_chapter_3_excel_files_906V7yZ.xlsx
144,documents/itep_chapter_3_excel_files_Go9lqTW.xlsx
145,documents/itep_chapter_3_excel_files_S4RLWLR.xlsx
146,documents/itep_chapter_3_excel_files_EoeiNqq.xlsx
147,documents/itep_chapter_3_excel_files_qXlDJRI.xlsx
148,documents/itep_chapter_3_excel_files_Mw33wB6.xlsx
149,documents/itep_chapter_3_excel_files_L5SD8cX.xlsx
150,documents/itep_chapter_3_excel_files_DXNdBSc.xlsx
151,documents/itep_chapter_3_excel_files_e08eO2Z.xlsx
152,documents/itep_chapter_3_excel_files_J4aOtwW.xlsx
153,documents/itep_chapter_3_excel_files_XcTfrMR.xlsx
154,documents/itep_chapter_2_excel_files.xlsx
155,documents/itep_chapter_2_excel_files_RPBrPw8.xlsx
156,documents/itep_chapter_2_excel_files_UPSSajP.xlsx
157,documents/itep_chapter_2_excel_files_E9io6vO.xlsx
158,documents/itep_chapter_2_excel_files_LR2mAln.xlsx
159,documents/itep_chapter_2_excel_files_obt8xOu.xlsx
160,documents/itep_chapter_2_excel_files_abqqZX7.xlsx
161,documents/itep_chapter_2_excel_files_Ewtl0zP.xlsx
162,documents/itep_chapter_2_excel_files_T5EsExr.xlsx
163,documents/itep_chapter_2_excel_files_mC3sGzV.xlsx
164,documents/itep_chapter_2_excel_files_Cn0izD4.xlsx
165,documents/itep_chapter_2_excel_files_YCNYjdG.xlsx
168,documents/itep_chapter_2_excel_files_iJSWeUQ.xlsx
169,documents/itep_chapter_2_excel_files_xCq4R1v.xlsx
170,documents/itep_chapter_2_excel_files_bFbXmfb.xlsx
171,documents/itep_chapter_2_excel_files_7o1aCEt.xlsx
172,documents/itep_chapter_2_excel_files_JIfm8if.xlsx
173,documents/itep_chapter_2_excel_files_qHzMsRa.xlsx
174,documents/itep_chapter_2_excel_files_0pV36ZL.xlsx
175,documents/itep_chapter_2_excel_files_060pOcj.xlsx
176,documents/itep_chapter_2_excel_files_bXzRmvL.xlsx
177,documents/itep_chapter_2_excel_files_DG7ixbf.xlsx
178,documents/itep_chapter_2_excel_files_LCVddLY.xlsx
179,documents/itep_chapter_2_excel_files_Pz1Ymeu.xlsx
180,documents/itep_chapter_1_excel_files.xlsx
181,documents/itep_chapter_1_excel_files_dWwvoid.xlsx
182,documents/itep_chapter_1_excel_files_dl0dzkz.xlsx
183,documents/itep_chapter_1_excel_files_uOiCn80.xlsx
184,documents/itep_chapter_1_excel_files_bHNg7GK.xlsx
185,documents/itep_chapter_1_excel_files_hBHYNTZ.xlsx
186,documents/itep_chapter_1_excel_files_Y1RGSkC.xlsx
187,documents/itep_chapter_5_excel_files.xlsx
188,documents/itep_chapter_5_excel_files_HYb6hYk.xlsx
189,documents/itep_chapter_5_excel_files_6VAMWLG.xlsx
190,documents/aid_spending_by_dac_donors_in_2018.xlsx
191,documents/aid_spending_by_dac_donors_in_2018_kcMTgVW.xlsx
192,documents/aid_spending_by_dac_donors_in_2018_3Oybjae.xlsx
193,documents/aid_spending_by_dac_donors_in_2018_kQZ2CTI.xlsx
194,documents/aid_spending_by_dac_donors_in_2018_nB419y9.xlsx
195,documents/aid_spending_by_dac_donors_in_2018_L7Fatxz.xlsx
196,documents/aid_spending_by_dac_donors_in_2018_MF0ajWW.xlsx
197,documents/aid_spending_by_dac_donors_in_2018_q4R0GXq.xlsx
198,documents/final_oda_data_for_2017__persistent_trends_raise_concerns.xlsx
199,documents/final_oda_data_for_2017__persistent_trends_raise_concerns_tsKh8Ap.xlsx
200,documents/final_oda_data_for_2017__persistent_trends_raise_concerns_t0uJXbd.xlsx
201,documents/final_oda_data_for_2017__persistent_trends_raise_concerns_sCHtXkB.xlsx
202,documents/final_oda_data_for_2017__persistent_trends_raise_concerns_JH8fUUv.xlsx
203,documents/final_oda_data_for_2017__persistent_trends_raise_concerns_fFkn5SU.xlsx
204,documents/final_oda_data_for_2017__persistent_trends_raise_concerns_oCkggGm.xlsx
205,documents/final_oda_data_for_2017__persistent_trends_raise_concerns_OuJTAFa.xlsx
206,documents/final_oda_data_for_2017__persistent_trends_raise_concerns_I8DGNqb.xlsx
207,documents/oda_for_domestic_revenue_mobilisation.xlsx
208,documents/oda_for_domestic_revenue_mobilisation_0AOcnoM.xlsx
209,documents/oda_for_domestic_revenue_mobilisation_yQ53D8U.xlsx
210,documents/oda_for_domestic_revenue_mobilisation_NoEN0HB.xlsx
211,documents/oda_for_domestic_revenue_mobilisation_LdYiHrF.xlsx
212,documents/oda_for_domestic_revenue_mobilisation_6ht3jTu.xlsx
213,documents/countries_being_left_behind.xlsx
214,documents/countries_being_left_behind_3LuDBoP.xlsx
215,documents/countries_being_left_behind_iOLo2Tu.xlsx
216,documents/countries_being_left_behind_FTORKd3.xlsx
217,documents/countries_being_left_behind_cAt0BTc.xlsx
218,documents/countries_being_left_behind_43J9dKy.xlsx
219,documents/countries_being_left_behind_6kjVn6M.xlsx
220,documents/countries_being_left_behind_twH7xA7.xlsx
221,documents/countries_being_left_behind_1ULuwe5.xlsx
222,documents/countries_being_left_behind_VyUgz9q.xlsx
223,documents/oda_for_domestic_resource_mobilisation_data.xlsx
224,documents/oda_for_domestic_resource_mobilisation_data_D7kChYC.xlsx
225,documents/accounting_for_oda_loans_the_effect_of_the_new_rules.xlsx
226,documents/accounting_for_oda_loans_the_effect_of_the_new_rules_huF4p2a.xlsx
227,documents/accounting_for_oda_loans_the_effect_of_the_new_rules_4R1Zuui.xlsx
228,documents/the_enabling_environment_for_private_sector_development.xlsx
229,documents/the_enabling_environment_for_private_sector_development_6AEvTN5.xlsx
230,documents/the_enabling_environment_for_private_sector_development_c7Jrd6L.xlsx
231,documents/the_enabling_environment_for_private_sector_development_HKeykWX.xlsx
232,documents/the_enabling_environment_for_private_sector_development_68sL3Ll.xlsx
233,documents/the_enabling_environment_for_private_sector_development_A7T5TNh.xlsx
234,documents/the_enabling_environment_for_private_sector_development_I1McN7D.xlsx
235,documents/the_enabling_environment_for_private_sector_development_UOWmfGf.xlsx
236,documents/the_enabling_environment_for_private_sector_development_2aINuht.xlsx
237,documents/the_enabling_environment_for_private_sector_development_GEdtznF.xlsx
238,documents/the_enabling_environment_for_private_sector_development_t5fA8Tt.xlsx
239,documents/the_p20_initiative__data_to_leave_no_one_behind_in_benin.xlsx
240,documents/the_p20_initiative__data_to_leave_no_one_behind_in_benin_81cSK8E.xlsx
241,documents/tracking_drr_budget_of_uganda.xlsx
242,documents/tracking_drr_budget_of_uganda_aXNstU3.xlsx
243,documents/tracking_drr_budget_of_uganda_ed8T3vu.xlsx
244,documents/tracking_drr_budget_of_uganda_O0JpZfa.xlsx
246,documents/tracking_drr_budget_of_uganda_mAK5AX1.xlsx
247,documents/tracking_drr_budget_of_uganda_EMD4K36.xlsx
248,documents/tracking_drr_budget_of_uganda_o9CnJAa.xlsx
249,documents/tracking_drr_budget_of_uganda_VvYaPhd.xlsx
250,documents/tracking_drr_budget_of_uganda_BSKgVxl.xlsx
251,documents/tracking_drr_budget_of_uganda_JQwAXk1.xlsx
252,documents/tracking_drr_budget_of_uganda_Y3vCYJ8.xlsx
253,documents/tracking_drr_budget_of_uganda_c5jkZfq.xlsx
254,documents/tracking_drr_budget_of_uganda_iDTauBu.xlsx
255,documents/tracking_drr_budget_of_uganda_ryovLYr.xlsx
256,documents/tracking_drr_budget_of_uganda_jnQ1Ncq.xlsx
257,documents/tracking_drr_budget_of_uganda_Oq3zyNE.xlsx
258,documents/tracking_drr_budget_of_uganda_YZ9G2iv.xlsx
259,documents/tracking_drr_budget_of_uganda_yaWGoDq.xlsx
260,documents/tracking_drr_budget_of_uganda_X2xHdJH.xlsx
261,documents/tracking_drr_budget_of_uganda_KBjIMUj.xlsx
262,documents/tracking_drr_budget_of_uganda_SfrF6eU.xlsx
263,documents/tracking_drr_budget_of_uganda_ya4NtcG.xlsx
264,documents/tracking_drr_budget_of_uganda_dxqwkol.xlsx
265,documents/tracking_drr_budget_of_uganda_B6fNDzD.xlsx
266,documents/tracking_drr_budget_of_uganda_yWWFRsf.xlsx
267,documents/tracking_drr_budget_of_uganda_0PnMEKH.xlsx
268,documents/tracking_drr_budget_of_uganda_zRw9IVI.xlsx
269,documents/tracking_drr_budget_of_uganda_kb6deyf.xlsx
270,documents/tracking_drr_budget_of_uganda_hp9ZCLX.xlsx
271,documents/tracking_drr_budget_of_uganda_LtvdyEf.xlsx
272,documents/tracking_drr_budget_of_uganda_pGz7MWt.xlsx
245,documents/tracking_drr_budget_of_uganda_uTTATbp.xlsx
273,documents/is_the_2019-20_uganda_budget_pro-poor.xlsx
274,documents/is_the_2019-20_uganda_budget_pro-poor_6F0vIJl.xlsx
275,documents/is_the_2019-20_uganda_budget_pro-poor_Sv49M6n.xlsx
276,documents/is_the_2019-20_uganda_budget_pro-poor_rGqojE7.xlsx
277,documents/is_the_2019-20_uganda_budget_pro-poor_cLzaPzz.xlsx
278,documents/is_the_2019-20_uganda_budget_pro-poor_SWt2UUW.xlsx
279,documents/is_the_2019-20_uganda_budget_pro-poor_uyBzbN6.xlsx
280,documents/is_the_2019-20_uganda_budget_pro-poor_942HcgW.xlsx
281,documents/is_the_2019-20_uganda_budget_pro-poor_z39MMFc.xlsx
282,documents/is_the_2019-20_uganda_budget_pro-poor_f1IqJsC.xlsx
283,documents/is_the_2019-20_uganda_budget_pro-poor_JDXHQRB.xlsx
284,documents/is_the_2019-20_uganda_budget_pro-poor_JfAiC4l.xlsx
285,documents/is_the_2019-20_uganda_budget_pro-poor_OOlDg5E.xlsx
286,documents/is_the_2019-20_uganda_budget_pro-poor_DMVb5e7.xlsx
287,documents/is_the_2019-20_uganda_budget_pro-poor_wzxxwyA.xlsx
288,documents/six_ways_to_refocus_oda_to_end_poverty_and_meet_the_sdgs.xlsx
289,documents/six_ways_to_refocus_oda_to_end_poverty_and_meet_the_sdgs_xfchEqY.xlsx
290,documents/six_ways_to_refocus_oda_to_end_poverty_and_meet_the_sdgs_8L4SfK1.xlsx
291,documents/six_ways_to_refocus_oda_to_end_poverty_and_meet_the_sdgs_IFQmLi1.xlsx
292,documents/six_ways_to_refocus_oda_to_end_poverty_and_meet_the_sdgs_StkG4ul.xlsx
293,documents/six_ways_to_refocus_oda_to_end_poverty_and_meet_the_sdgs_9uIS9xf.xlsx
294,documents/six_ways_to_refocus_oda_to_end_poverty_and_meet_the_sdgs_14LGeeC.xlsx
295,documents/how_blended_finance_reaches_the_poorest_people.xlsx
296,documents/how_blended_finance_reaches_the_poorest_people_FapV03e.xlsx
297,documents/how_blended_finance_reaches_the_poorest_people_cVIosj2.xlsx
298,documents/how_blended_finance_reaches_the_poorest_people_etCB7ch.xlsx
299,documents/how_blended_finance_reaches_the_poorest_people_gLbZ2T3.xlsx
300,documents/how_blended_finance_reaches_the_poorest_people_8Vv1dTd.xlsx
301,documents/how_blended_finance_reaches_the_poorest_people_JDERAMS.xlsx
302,documents/how_blended_finance_reaches_the_poorest_people_ZF8eWQQ.xlsx
303,documents/gha-report-2019-chapter-1_data.xlsx
304,documents/gha-report-2019-chapter-1_data_uc05rVM.xlsx
305,documents/gha-report-2019-chapter-1_data_XncbfHr.xlsx
306,documents/gha-report-2019-chapter-1_data_rrNa1Eh.xlsx
307,documents/gha-report-2019-chapter-1_data_cmbjMfN.xlsx
308,documents/gha-report-2019-chapter-1_data_LXxvdaI.xlsx
309,documents/gha-report-2019-chapter-1_data_4rC2e7V.xlsx
310,documents/gha-report-2019-chapter-2_data.xlsx
311,documents/gha-report-2019-chapter-2_data_AQWxAav.xlsx
312,documents/gha-report-2019-chapter-2_data_paPmqdQ.xlsx
313,documents/gha-report-2019-chapter-2_data_CG6Zm5U.xlsx
314,documents/gha-report-2019-chapter-2_data_fikFUUn.xlsx
315,documents/gha-report-2019-chapter-2_data_FCalEPK.xlsx
316,documents/gha-report-2019-chapter-2_data_AlUOa1G.xlsx
317,documents/gha-report-2019-chapter-3_data.xlsx
318,documents/gha-report-2019-chapter-3_data_d0M6eDk.xlsx
319,documents/gha-report-2019-chapter-3_data_yW75gFY.xlsx
320,documents/gha-report-2019-chapter-3_data_LlsJ4UR.xlsx
321,documents/gha-report-2019-chapter-3_data_LDoIUag.xlsx
322,documents/gha-report-2019-chapter-3_data_sOX4rvy.xlsx
323,documents/gha-report-2019-chapter-3_data_fUFg5HY.xlsx
324,documents/gha-report-2019-chapter-3_data_uHrVlAv.xlsx
325,documents/gha-report-2019-chapter-3_data_XyDJCfw.xlsx
326,documents/gha-report-2019-chapter-4_data.xlsx
327,documents/gha-report-2019-chapter-4_data_lL4dNHP.xlsx
328,documents/gha-report-2019-chapter-4_data_AyLUHXE.xlsx
329,documents/gha-report-2019-chapter-4_data_try60DW.xlsx
330,documents/gha-report-2019-chapter-4_data_Cwm0Yst.xlsx
331,documents/gha-report-2019-chapter-4_data_kkTc5lD.xlsx
332,documents/gha-report-2019-chapter-4_data_OazmqI2.xlsx
333,documents/gha-report-2019-chapter-4_data_oNu4oF7.xlsx
344,documents/Group_structure.pdf
350,documents/ODA-for-domestic-revenue-mobilisation_ifLtOzf.pdf
336,documents/Investments_to_End_Poverty_2018_Chapter_1.pdf
337,documents/Investments_to_End_Poverty_2018_Chapter_2.pdf
338,documents/Investments_to_End_Poverty_2018_Chapter_3.pdf
339,documents/Investments_to_End_Poverty_2018_Chapter_4.pdf
340,documents/Investments_to_End_Poverty_2018_Chapter_5.pdf
341,documents/Investments_to_End_Poverty_2018_ExecutiveSummary.pdf
342,documents/Investments_to_End_Poverty_2018_Methodology.pdf
343,documents/Investments_to_End_Poverty_2018_Preface.pdf
351,documents/GHA-Report-2018.pdf
352,documents/GHA_Report_2018_-_chapter_1.pdf
346,documents/Investments_to_end_poverty_2018-Chapter-5-data.xlsx
347,documents/Investments_to_end_poverty_2018-Chapter-1-data.xlsx
348,documents/Investments_to_end_poverty_2018-Chapter-2-data.xlsx
349,documents/Investments_to_end_poverty_2018-Chapter-3-data.xlsx
353,documents/GHA_Report_2018_-_chapter_2.pdf
354,documents/GHA_Report_2018_-_chapter_3.pdf
355,documents/GHA_Report_2018_-_chapter_4.pdf
356,documents/GHA_Report_2018_-_chapter_5.pdf
357,documents/GHA_Report_2018_-_Executive_summary.pdf
358,documents/kenya_county_budget_2016-17_-_2018-19_kisumu_west_pokot_baringo_laikipia_3fMgoJj.xlsx
359,documents/kenya_county_revenues_2013-14_-_2016-17_KOBnuVe.xlsx
360,documents/trends_in_inflows_of_international_financing_itep3_2000-2016_u3vZ8Dh.xlsx
361,documents/trends_in_inflows_of_international_financing_itep3_2000-2016_saOrm5t.csv
362,documents/list_of_countries_being_left_behind_QJZGit3.xlsx
363,documents/list_of_countries_being_left_behind_NHNsFnE.csv
364,documents/non-grant_government_revenue_us_and_ncu_2000-2022_YJ280tD.xlsx
365,documents/non-grant_government_revenue_t3kDBXl.csv
366,documents/list_of_least_developed_countries_as_of_december_2018_HHsOufn.xlsx
367,documents/list_of_least_developed_countries_as_of_december_2018_uo7hWUb.csv
368,documents/di_gha_iha_all_donors_2000-2018_HNPYmng.xlsx
335,documents/DI-partnerships-in-Nepal.pdf
369,documents/di_gha_iha_recipients_2000-2017_Kvi6oq4.xlsx
370,documents/di_gha_iha_recipients_2000-2017_uaWHVS0.csv
371,documents/enhancing_access_to_safe_water_and_improved_sanitation_services_in_kenya_aXNSJEc.xlsx
450,documents/itep_chapter_2_excel_files_pQkYqKE.xlsx
372,documents/enhancing_access_to_safe_water_and_improved_sanitation_services_in_kenya_iNMA0lX.xlsx
373,documents/enhancing_access_to_safe_water_and_improved_sanitation_services_in_kenya_3SZy2FY.xlsx
374,documents/enhancing_access_to_safe_water_and_improved_sanitation_services_in_kenya_e0YMMHY.xlsx
375,documents/tracking_subnational_government_investments_in_disaster_risk_reduction_in_ken_zRNzqCO.xlsx
376,documents/tracking_subnational_government_investments_in_disaster_risk_reduction_in_ken_ZXkSqTr.xlsx
377,documents/tracking_subnational_government_investments_in_disaster_risk_reduction_in_ken_w6RJWcO.xlsx
378,documents/tracking_subnational_government_investments_in_disaster_risk_reduction_in_ken_UvPwWLw.xlsx
379,documents/tracking_subnational_government_investments_in_disaster_risk_reduction_in_ken_o1pH2pm.xlsx
380,documents/tracking_subnational_government_investments_in_disaster_risk_reduction_in_ken_eZ2HVop.xlsx
381,documents/tracking_subnational_government_investments_in_disaster_risk_reduction_in_ken_HgkKCGm.xlsx
382,documents/tracking_subnational_government_investments_in_disaster_risk_reduction_in_ken_E2kAyvM.xlsx
383,documents/tracking_subnational_government_investments_in_disaster_risk_reduction_in_ken_H0yL49x.xlsx
384,documents/tracking_subnational_government_investments_in_disaster_risk_reduction_in_ken_dblsT1j.xlsx
385,documents/tracking_subnational_government_investments_in_disaster_risk_reduction_in_ken_TvqrRJQ.xlsx
386,documents/tracking_subnational_government_investments_in_disaster_risk_reduction_in_ken_8V5MhpS.xlsx
387,documents/tracking_subnational_government_investments_in_disaster_risk_reduction_in_ken_QJ3mUlf.xlsx
388,documents/tracking_subnational_government_investments_in_disaster_risk_reduction_in_ken_EOpT9TU.xlsx
389,documents/tracking_subnational_government_investments_in_disaster_risk_reduction_in_ken_LRgX0z1.xlsx
390,documents/tracking_subnational_government_investments_in_disaster_risk_reduction_in_ken_tSRBjo8.xlsx
391,documents/tracking_subnational_government_investments_in_disaster_risk_reduction_in_ken_bN9wC9A.xlsx
392,documents/tracking_subnational_government_investments_in_climate_change_mitigation_and__9vbOF3Z.xlsx
393,documents/tracking_subnational_government_investments_in_climate_change_mitigation_and__quwnwjb.xlsx
394,documents/tracking_subnational_government_investments_in_climate_change_mitigation_and__mhF0ri3.xlsx
395,documents/tracking_subnational_government_investments_in_climate_change_mitigation_and__F5XiNID.xlsx
396,documents/tracking_subnational_government_investments_in_climate_change_mitigation_and__gzsjnij.xlsx
397,documents/tracking_subnational_government_investments_in_climate_change_mitigation_and__JiKQ5Jq.xlsx
398,documents/tracking_subnational_government_investments_in_climate_change_mitigation_and__QL0M2DQ.xlsx
399,documents/tracking_subnational_government_investments_in_climate_change_mitigation_and__pyKFXKV.xlsx
400,documents/tracking_subnational_government_investments_in_climate_change_mitigation_and__x4wEr9W.xlsx
401,documents/tracking_subnational_government_investments_in_climate_change_mitigation_and__w1ssZfN.xlsx
402,documents/tracking_subnational_government_investments_in_climate_change_mitigation_and__EBr6QMq.xlsx
403,documents/tracking_subnational_government_investments_in_climate_change_mitigation_and__9ID3dZQ.xlsx
451,documents/itep_chapter_2_excel_files_Fbte8Js.xlsx
404,documents/tracking_subnational_government_investments_in_climate_change_mitigation_and__hn14x9b.xlsx
405,documents/tracking_subnational_government_investments_in_climate_change_mitigation_and__xU519uL.xlsx
406,documents/tracking_subnational_government_investments_in_climate_change_mitigation_and__GHho22c.xlsx
407,documents/tracking_subnational_government_investments_in_climate_change_mitigation_and__xUUpalR.xlsx
408,documents/tracking_subnational_government_investments_in_climate_change_mitigation_and__Uep6hqy.xlsx
409,documents/tracking_subnational_government_investments_in_climate_change_mitigation_and__CVGIT7i.xlsx
410,documents/strengthening_subnational_government_own-source_revenue_mobilisation_in_kenya_1qAiaos.xlsx
411,documents/strengthening_subnational_government_own-source_revenue_mobilisation_in_kenya_d5IZjqU.xlsx
412,documents/strengthening_subnational_government_own-source_revenue_mobilisation_in_kenya_93rsB0U.xlsx
413,documents/strengthening_subnational_government_own-source_revenue_mobilisation_in_kenya_MhbiQCJ.xlsx
414,documents/strengthening_subnational_government_own-source_revenue_mobilisation_in_kenya_eLvAH6c.xlsx
415,documents/strengthening_subnational_government_own-source_revenue_mobilisation_in_kenya_eqiBTtx.xlsx
416,documents/pro-poor_analysis_of_kenyas_2018-19_budget_estimates_ZSwuv5r.xlsx
417,documents/pro-poor_analysis_of_kenyas_2018-19_budget_estimates_k7NMIYK.xlsx
418,documents/pro-poor_analysis_of_kenyas_2018-19_budget_estimates_FT8rpvy.xlsx
419,documents/pro-poor_analysis_of_kenyas_2018-19_budget_estimates_O6VZwiJ.xlsx
420,documents/pro-poor_analysis_of_kenyas_2018-19_budget_estimates_J7JITpa.xlsx
421,documents/pro-poor_analysis_of_kenyas_2018-19_budget_estimates_hp05IaJ.xlsx
422,documents/pro-poor_analysis_of_kenyas_2018-19_budget_estimates_jgttQFI.xlsx
423,documents/pro-poor_analysis_of_kenyas_2018-19_budget_estimates_49r1Px2.xlsx
424,documents/pro-poor_analysis_of_kenyas_2018-19_budget_estimates_4QubQHL.xlsx
425,documents/pro-poor_analysis_of_kenyas_2018-19_budget_estimates_VRH6H4J.xlsx
426,documents/pro-poor_analysis_of_kenyas_2018-19_budget_estimates_QdX2Gyn.xlsx
427,documents/itep_chapter_3_excel_files_dKVxkWA.xlsx
428,documents/itep_chapter_3_excel_files_Bs1Qec4.xlsx
429,documents/itep_chapter_3_excel_files_8d5h0ri.xlsx
430,documents/itep_chapter_3_excel_files_Cy0pdye.xlsx
431,documents/itep_chapter_3_excel_files_P5CntAW.xlsx
432,documents/itep_chapter_3_excel_files_qD0tijC.xlsx
433,documents/itep_chapter_3_excel_files_HgHI7r9.xlsx
434,documents/itep_chapter_3_excel_files_EiOct39.xlsx
435,documents/itep_chapter_3_excel_files_LSjeY4F.xlsx
436,documents/itep_chapter_3_excel_files_0z3P5mz.xlsx
437,documents/itep_chapter_3_excel_files_cPheBrE.xlsx
438,documents/itep_chapter_3_excel_files_Lylu0C1.xlsx
439,documents/itep_chapter_3_excel_files_oalHUH8.xlsx
440,documents/itep_chapter_3_excel_files_iXBrF1P.xlsx
441,documents/itep_chapter_3_excel_files_w9ooOXb.xlsx
442,documents/itep_chapter_3_excel_files_VUunKGU.xlsx
443,documents/itep_chapter_2_excel_files_tbRsXUR.xlsx
444,documents/itep_chapter_2_excel_files_jztdfJW.xlsx
445,documents/itep_chapter_2_excel_files_7fAeUCB.xlsx
446,documents/itep_chapter_2_excel_files_Pm4ezsJ.xlsx
447,documents/itep_chapter_2_excel_files_kj8oVII.xlsx
448,documents/itep_chapter_2_excel_files_71M7RVf.xlsx
449,documents/itep_chapter_2_excel_files_OfUsdTa.xlsx
452,documents/itep_chapter_2_excel_files_RhygeVo.xlsx
453,documents/itep_chapter_2_excel_files_5sC8Obt.xlsx
454,documents/itep_chapter_2_excel_files_5SBGY0Y.xlsx
455,documents/itep_chapter_2_excel_files_RbNtNzH.xlsx
456,documents/itep_chapter_2_excel_files_kNWaifk.xlsx
457,documents/itep_chapter_2_excel_files_gcEW9sp.xlsx
458,documents/itep_chapter_2_excel_files_IrofbJI.xlsx
459,documents/itep_chapter_2_excel_files_Yabp32y.xlsx
460,documents/itep_chapter_2_excel_files_BGJvJet.xlsx
461,documents/itep_chapter_2_excel_files_fjoLAGQ.xlsx
462,documents/itep_chapter_2_excel_files_pIsOdnN.xlsx
463,documents/itep_chapter_2_excel_files_DvgFsqX.xlsx
464,documents/itep_chapter_2_excel_files_ZKOymdO.xlsx
465,documents/itep_chapter_2_excel_files_KIMYj8O.xlsx
466,documents/itep_chapter_2_excel_files_0mqnjMw.xlsx
467,documents/itep_chapter_2_excel_files_BTPiPwm.xlsx
468,documents/itep_chapter_2_excel_files_vfQbLqk.xlsx
469,documents/itep_chapter_1_excel_files_HC0jPWK.xlsx
470,documents/itep_chapter_1_excel_files_VPbLkmX.xlsx
471,documents/itep_chapter_1_excel_files_7zDtBPN.xlsx
472,documents/itep_chapter_1_excel_files_553FNVi.xlsx
473,documents/itep_chapter_1_excel_files_KC3y8Sz.xlsx
474,documents/itep_chapter_1_excel_files_LzoGL3B.xlsx
475,documents/itep_chapter_1_excel_files_pgCVsdI.xlsx
476,documents/itep_chapter_5_excel_files_cm4oqEE.xlsx
477,documents/itep_chapter_5_excel_files_jCG3cI0.xlsx
478,documents/itep_chapter_5_excel_files_PeAC6I1.xlsx
479,documents/aid_spending_by_dac_donors_in_2018_rhiFoE8.xlsx
480,documents/aid_spending_by_dac_donors_in_2018_bEGUlY0.xlsx
481,documents/aid_spending_by_dac_donors_in_2018_ZKjTMCA.xlsx
482,documents/aid_spending_by_dac_donors_in_2018_Iqh9Y09.xlsx
483,documents/aid_spending_by_dac_donors_in_2018_3JZwcWC.xlsx
484,documents/aid_spending_by_dac_donors_in_2018_QO3YH4J.xlsx
485,documents/aid_spending_by_dac_donors_in_2018_1o9gnkv.xlsx
486,documents/aid_spending_by_dac_donors_in_2018_F3JmbCM.xlsx
487,documents/final_oda_data_for_2017__persistent_trends_raise_concerns_NfujkMv.xlsx
488,documents/final_oda_data_for_2017__persistent_trends_raise_concerns_eND5mht.xlsx
489,documents/final_oda_data_for_2017__persistent_trends_raise_concerns_xgoFfGU.xlsx
490,documents/final_oda_data_for_2017__persistent_trends_raise_concerns_LrZd1Wk.xlsx
491,documents/final_oda_data_for_2017__persistent_trends_raise_concerns_JAx0uDZ.xlsx
492,documents/final_oda_data_for_2017__persistent_trends_raise_concerns_yh08fAB.xlsx
493,documents/final_oda_data_for_2017__persistent_trends_raise_concerns_k3yJ4mk.xlsx
494,documents/final_oda_data_for_2017__persistent_trends_raise_concerns_H1tiDVv.xlsx
495,documents/final_oda_data_for_2017__persistent_trends_raise_concerns_XE0Yslz.xlsx
496,documents/oda_for_domestic_revenue_mobilisation_cI6haWW.xlsx
497,documents/oda_for_domestic_revenue_mobilisation_LbY6EZm.xlsx
498,documents/oda_for_domestic_revenue_mobilisation_ysM7emT.xlsx
499,documents/oda_for_domestic_revenue_mobilisation_7Myp1z7.xlsx
500,documents/oda_for_domestic_revenue_mobilisation_xcFLmMO.xlsx
501,documents/oda_for_domestic_revenue_mobilisation_kOkB6Lw.xlsx
502,documents/countries_being_left_behind_vs4l4dw.xlsx
503,documents/countries_being_left_behind_NiaffWd.xlsx
504,documents/countries_being_left_behind_bYvtxRw.xlsx
505,documents/countries_being_left_behind_iO5r5mW.xlsx
506,documents/countries_being_left_behind_QMgGnAW.xlsx
507,documents/countries_being_left_behind_UY9ZTVo.xlsx
508,documents/countries_being_left_behind_wicm6Zu.xlsx
509,documents/countries_being_left_behind_Gs9oHOy.xlsx
510,documents/countries_being_left_behind_b81jKjf.xlsx
511,documents/countries_being_left_behind_gmhjHWq.xlsx
512,documents/oda_for_domestic_resource_mobilisation_data_HEBdxDc.xlsx
513,documents/oda_for_domestic_resource_mobilisation_data_OgJUTIz.xlsx
514,documents/accounting_for_oda_loans_the_effect_of_the_new_rules_9BCsUPq.xlsx
515,documents/accounting_for_oda_loans_the_effect_of_the_new_rules_fZlgHGf.xlsx
516,documents/accounting_for_oda_loans_the_effect_of_the_new_rules_ZOPfesl.xlsx
517,documents/the_enabling_environment_for_private_sector_development_L6YrDnU.xlsx
518,documents/the_enabling_environment_for_private_sector_development_YuQLwcV.xlsx
519,documents/the_enabling_environment_for_private_sector_development_RN8Njyp.xlsx
520,documents/the_enabling_environment_for_private_sector_development_0Hk7LmM.xlsx
521,documents/the_enabling_environment_for_private_sector_development_FdtdazT.xlsx
522,documents/the_enabling_environment_for_private_sector_development_y3XCjh3.xlsx
523,documents/the_enabling_environment_for_private_sector_development_wpirgZq.xlsx
524,documents/the_enabling_environment_for_private_sector_development_8tifCFj.xlsx
525,documents/the_enabling_environment_for_private_sector_development_8bGVLhp.xlsx
526,documents/the_enabling_environment_for_private_sector_development_8e2QUUX.xlsx
527,documents/the_enabling_environment_for_private_sector_development_Xujesqs.xlsx
528,documents/the_p20_initiative__data_to_leave_no_one_behind_in_benin_xd0pPnY.xlsx
529,documents/the_p20_initiative__data_to_leave_no_one_behind_in_benin_1FAIrpi.xlsx
530,documents/tracking_drr_budget_of_uganda_c8fDB9x.xlsx
531,documents/tracking_drr_budget_of_uganda_nNy3scH.xlsx
532,documents/tracking_drr_budget_of_uganda_REGufFV.xlsx
533,documents/tracking_drr_budget_of_uganda_Kq7epVu.xlsx
534,documents/tracking_drr_budget_of_uganda_8paXtwt.xlsx
535,documents/tracking_drr_budget_of_uganda_SfORnbj.xlsx
536,documents/tracking_drr_budget_of_uganda_BjCwciP.xlsx
537,documents/tracking_drr_budget_of_uganda_e39SIsD.xlsx
538,documents/tracking_drr_budget_of_uganda_5QbM0Ls.xlsx
539,documents/tracking_drr_budget_of_uganda_X5ZIz66.xlsx
540,documents/tracking_drr_budget_of_uganda_VV5U2s9.xlsx
541,documents/tracking_drr_budget_of_uganda_cecQvKs.xlsx
542,documents/tracking_drr_budget_of_uganda_H3NKvnX.xlsx
543,documents/tracking_drr_budget_of_uganda_MhhLYhf.xlsx
544,documents/tracking_drr_budget_of_uganda_lzqL20h.xlsx
545,documents/tracking_drr_budget_of_uganda_StABmTn.xlsx
546,documents/tracking_drr_budget_of_uganda_lRdjwaG.xlsx
547,documents/tracking_drr_budget_of_uganda_A4tnF5Z.xlsx
548,documents/tracking_drr_budget_of_uganda_WzbEXZ7.xlsx
549,documents/tracking_drr_budget_of_uganda_qr27qWd.xlsx
550,documents/tracking_drr_budget_of_uganda_WT5zvdD.xlsx
551,documents/tracking_drr_budget_of_uganda_kskPrt5.xlsx
552,documents/tracking_drr_budget_of_uganda_jFbwtlQ.xlsx
553,documents/tracking_drr_budget_of_uganda_antSpmE.xlsx
554,documents/tracking_drr_budget_of_uganda_gwhsmap.xlsx
555,documents/tracking_drr_budget_of_uganda_Fxlk9Dv.xlsx
556,documents/tracking_drr_budget_of_uganda_Sz6gze8.xlsx
557,documents/tracking_drr_budget_of_uganda_556hgcG.xlsx
558,documents/tracking_drr_budget_of_uganda_d1lwyHl.xlsx
559,documents/tracking_drr_budget_of_uganda_s19w3yx.xlsx
560,documents/tracking_drr_budget_of_uganda_sQu6ucn.xlsx
561,documents/tracking_drr_budget_of_uganda_tKPbuzT.xlsx
562,documents/is_the_2019-20_uganda_budget_pro-poor_3EhrkyD.xlsx
563,documents/is_the_2019-20_uganda_budget_pro-poor_t3oVO7q.xlsx
564,documents/is_the_2019-20_uganda_budget_pro-poor_2pRSGG7.xlsx
565,documents/is_the_2019-20_uganda_budget_pro-poor_skssqcU.xlsx
566,documents/is_the_2019-20_uganda_budget_pro-poor_o3Xeh1s.xlsx
567,documents/is_the_2019-20_uganda_budget_pro-poor_elgAMsM.xlsx
568,documents/is_the_2019-20_uganda_budget_pro-poor_EIPmye7.xlsx
569,documents/is_the_2019-20_uganda_budget_pro-poor_pLqys1s.xlsx
570,documents/is_the_2019-20_uganda_budget_pro-poor_XXQtoot.xlsx
571,documents/is_the_2019-20_uganda_budget_pro-poor_cAtOsnm.xlsx
572,documents/is_the_2019-20_uganda_budget_pro-poor_EhowPBa.xlsx
573,documents/is_the_2019-20_uganda_budget_pro-poor_iObqTJ7.xlsx
574,documents/is_the_2019-20_uganda_budget_pro-poor_Y8s5uf4.xlsx
575,documents/is_the_2019-20_uganda_budget_pro-poor_owDiYEh.xlsx
576,documents/is_the_2019-20_uganda_budget_pro-poor_kSXFoJ7.xlsx
577,documents/six_ways_to_refocus_oda_to_end_poverty_and_meet_the_sdgs_xAEWMhH.xlsx
578,documents/six_ways_to_refocus_oda_to_end_poverty_and_meet_the_sdgs_FezyOH7.xlsx
579,documents/six_ways_to_refocus_oda_to_end_poverty_and_meet_the_sdgs_j70C7Xe.xlsx
580,documents/six_ways_to_refocus_oda_to_end_poverty_and_meet_the_sdgs_1Ivxz2m.xlsx
581,documents/six_ways_to_refocus_oda_to_end_poverty_and_meet_the_sdgs_zBDAs1p.xlsx
582,documents/six_ways_to_refocus_oda_to_end_poverty_and_meet_the_sdgs_CcNePJx.xlsx
583,documents/six_ways_to_refocus_oda_to_end_poverty_and_meet_the_sdgs_07swDwq.xlsx
584,documents/how_blended_finance_reaches_the_poorest_people_BjQzQps.xlsx
585,documents/how_blended_finance_reaches_the_poorest_people_VVj11j6.xlsx
586,documents/how_blended_finance_reaches_the_poorest_people_7ZBvcR0.xlsx
587,documents/how_blended_finance_reaches_the_poorest_people_d1wQ2iy.xlsx
588,documents/how_blended_finance_reaches_the_poorest_people_uXEl0Ug.xlsx
589,documents/how_blended_finance_reaches_the_poorest_people_70A0LPf.xlsx
590,documents/how_blended_finance_reaches_the_poorest_people_jyZAmfJ.xlsx
591,documents/how_blended_finance_reaches_the_poorest_people_Qbp1HIs.xlsx
592,documents/gha-report-2019-chapter-1_data_8w3KZ1S.xlsx
593,documents/gha-report-2019-chapter-1_data_avsNr2R.xlsx
594,documents/gha-report-2019-chapter-1_data_zv76qU7.xlsx
595,documents/gha-report-2019-chapter-1_data_17IyzkN.xlsx
596,documents/gha-report-2019-chapter-1_data_2hfgrGD.xlsx
597,documents/gha-report-2019-chapter-1_data_RnSrJNg.xlsx
598,documents/gha-report-2019-chapter-1_data_wlMhWPJ.xlsx
599,documents/gha-report-2019-chapter-2_data_QsWHpvq.xlsx
600,documents/gha-report-2019-chapter-2_data_pyNp1xG.xlsx
601,documents/gha-report-2019-chapter-2_data_opmcH3h.xlsx
602,documents/gha-report-2019-chapter-2_data_0ATWdUX.xlsx
603,documents/gha-report-2019-chapter-2_data_drEohzf.xlsx
604,documents/gha-report-2019-chapter-2_data_YnBfLpF.xlsx
605,documents/gha-report-2019-chapter-2_data_HJS8niK.xlsx
606,documents/gha-report-2019-chapter-3_data_t21M3Ok.xlsx
607,documents/gha-report-2019-chapter-3_data_z56tD7k.xlsx
608,documents/gha-report-2019-chapter-3_data_laemFnR.xlsx
609,documents/gha-report-2019-chapter-3_data_AOE5QvF.xlsx
610,documents/gha-report-2019-chapter-3_data_KgZBzLe.xlsx
611,documents/gha-report-2019-chapter-3_data_xiSjsZt.xlsx
612,documents/gha-report-2019-chapter-3_data_0ig9R2R.xlsx
613,documents/gha-report-2019-chapter-3_data_KsMznq6.xlsx
614,documents/gha-report-2019-chapter-3_data_ndg8mCm.xlsx
615,documents/gha-report-2019-chapter-4_data_YoF8HLf.xlsx
616,documents/gha-report-2019-chapter-4_data_V5c0GrK.xlsx
617,documents/gha-report-2019-chapter-4_data_yHs7OTt.xlsx
618,documents/gha-report-2019-chapter-4_data_A4IWR5W.xlsx
619,documents/gha-report-2019-chapter-4_data_BFaPkLu.xlsx
621,documents/gha-report-2019-chapter-4_data_NfM0UPe.xlsx
622,documents/gha-report-2019-chapter-4_data_IL9X6b1.xlsx
620,documents/gha-report-2019-chapter-4_data_rrzvy7Y.xlsx
661,documents/Development_Initiatives_recruitment_policy.pdf
662,documents/Guaranteed_Interview_Scheme.pdf
663,documents/Responsible_employer_and_business_ethics_statement.pdf
673,documents/Donors-at-the-triple-nexus_lessons-from-the-United-Kingdom.pdf
665,documents/Safeguarding_Policy_March_2021.pdf
666,documents/Privacy_and_cookie_policy_osyW0yN.pdf
683,documents/How-blended-finance-reaches-the-poorest-people.xlsx
669,documents/Keyword-methodology.pdf
671,documents/Failing-to-reach-the-poorest.pdf
651,documents/Global-Humanitarian-Assistance-Report-2016-_Chapter-2.pdf
652,documents/Global-Humanitarian-Assistance-Report-2016_Chapter-3.pdf
677,documents/key_questions_and_considerations_for_donors_at_the_triple_nexus_lessons_from_U_lyhl5ro.pdf
653,documents/Global-Humanitarian-Assistance-Report-2016_Chapter-4.pdf
654,documents/Global-Humanitarian-Assistance-Report-2016_Chapter-5.pdf
667,documents/Field-perspectives-multi-year-humanitarian-funding-planning_Jordan-Lebanon_rAwYg1n.pdf
670,documents/How-blended-finance-reaches-the-poorest_people.pdf
672,documents/donors-at-the-triple-nexus_lessons-from-the-United-Kingdom.xlsx
684,documents/gha_spiral.html
685,documents/final_ODA_data_for_2018.pdf
1368,documents/Global_Humanitarian_Assistance_Report_2023_Summary_Spanish.pdf
689,documents/Final_ODA_data_for_2018_data.xlsx
678,documents/Poverty_trends_-_global_regional_and_national.pdf
735,documents/Creative_Media_Assistant_Recruitment_Pack.pdf
723,documents/Les_P20_au_Benin_-_De_la_consultation_au_consensus.pdf
1265,documents/Senior_Project_Manager_-_Recruitment_Pack.docx
1297,documents/Donor_approaches_to_overheads_discussion_paper_ZBXpnak.pdf
1264,documents/Senior_Project_Manager_-_Recruitment_Pack.pdf
1256,documents/number_of_schools.csv
1344,documents/Trends_in_traditional_and_non-traditional_aid_flows_to_Kenya_Uganda_and_Ethiopia_data.xlsx
706,documents/Multi-year_humanitarian_funding_Global_baselines_and_trends.pdf
704,documents/Multi-year_humanitarian_funding_Global_baselines_and_trends.xlsx
695,documents/Development_Finance_Lead_Recruitment_Pack_1.docx
713,documents/Gender-based_violence_and_the_nexus_data.xlsx
720,documents/Coronavirus_and_aid_data_briefing_data.xlsx
725,documents/Les_P20_au_Benin_-_De_la_consultation_au_consensus.xlsx
718,documents/Coronavirus_and_aid_data_briefing.pdf
727,documents/Status-of-disability-in-Kenya__IF.pdf
722,documents/The_P20_in_Benin_-_From_consultation_to_consensus.pdf
726,documents/The_P20_in_Benin_-_From_consultation_to_consensus_Data.xlsx
728,documents/Investments-to-End-Poverty-2018-Report.pdf
734,documents/The_challenges_of_data_on_the_financing_response_to_Covid-19.pdf
736,documents/Covid-19_and_financing_projections_for_developing_countries_HUCZprM.pdf
1369,documents/Kenya_SDG_Forum_consultant_project_manger_updated.docx
721,documents/Development-Initiatives-Progress-Report-2019.pdf
717,documents/Digital-civil-registration-and-legal-identity-systems.xlsx
752,documents/DII_accounts_2019.pdf
753,documents/DIPR_accounts_2019.pdf
756,documents/Project_Manager_Maternity_Cover_Recruitment_Pack.pdf
759,documents/Comms_Agency_ToR_2020-2021.pdf
739,documents/Senior_Policy__Engagement_Advisor_Recruitment_Pack.pdf
740,documents/Senior_Policy__Engagement_Advisor_Recruitment_Pack.docx
757,documents/Project_Manager_Maternity_Cover_Recruitment_Pack.docx
741,documents/DFIDs_aid_spending_for_nutrition_2018.pdf
1261,documents/Aid_in_2021_Key_facts_about_official_development_assistance.pdf
743,documents/Supporting_Grand_Bargain_signatories_in_meeting_commitments_to_greater_transparency.pdf
744,documents/Socioeconomic_impacts_of_Covid-19_in_Kenya.pdf
745,documents/Merging_DFID_and_the_FCO_Implications_for_UK_aid.pdf
746,documents/Senior_Project_Manager_DII_Recruitment_Pack.docx
747,documents/Senior_Project_Manager_DII_Recruitment_Pack.pdf
748,documents/Merging_DFID_and_the_FCO_Implications_for_UK_aid.xlsx
749,documents/Socioeconomic_impacts_of_Covid-19_in_Kenya_data1.xlsx
751,documents/Board_Chair_Recruitment_Advert_2020.pdf
1319,documents/P20_Atacora_Donga_Donnees_French_version.xlsx
1304,documents/Analyst_Recruitment-pack_2023.pdf
732,documents/Impact_of_COVID_19_UG_report.docx
750,documents/Board_Chair_Recruitment_Advert_2020.docx
762,documents/DISABILITY-INCLUSIVE_ODA_data.xlsx
754,documents/Kenyas_Covid-19_budget_Funding_for_health_and_welfare.pdf
758,documents/The_challenges_of_data_on_the_financing_response_to_Covid-19_data.xlsx
763,documents/Senior_Nutrition_Scientist_Recruitment_Pack.pdf
764,documents/Senior_Nutrition_Scientist_Recruitment_Pack.docx
761,documents/Catalogue_of_quality_funding_practices_to_the_humanitarian_response_Report.pdf
768,documents/How_are_aid_budgets_changing_due_to_the_Covid-19_crisis_data.xlsx
1309,documents/Data_Ecosystem_Mapping_Kenya_TOR.docx
767,documents/How_are_aid_budgets_changing_due_to_the_Covid-19_crisis.pdf
769,documents/Aid_spent_on_health_-_ODA_data_on_donors_sectors_recipients_data.xlsx
770,documents/Targeting_health_ODA_to_need_-_Spending_by_country_and_disease_data.xlsx
773,documents/Aid_spent_on_health_LEnDGF3.pdf
774,documents/Aid_spent_on_health_OEQ91H2.pdf
775,documents/Targeting_health_ODA_to_need_EP014rU.pdf
737,documents/Business_Development_Manager_-_Recruitment_Pack.docx
772,documents/Targeting_health_ODA_to_need.pdf
738,documents/Business_Development_Manager_-_Recruitment_Pack.pdf
771,documents/Aid_spent_on_health.pdf
791,documents/Socioeconomic_impact_of_Covid-19_in_Uganda_data.xlsx
792,documents/Socioeconomic_impact_of_Covid-19_in_Uganda.pdf
1310,documents/Data_Ecosystem_Mapping_Kenya_TOR.pdf
1370,documents/Kenya_SDG_Forum_consultant_project_manger_updated.pdf
799,documents/Tracking_aid_flows_in_light_of_the_Covid-19_crisis_June_2020.xlsx
806,documents/How_to_track_ODA_to_gender-based_violence_GBV_responses.xlsx
785,documents/Fundraising_Officer_-_Recruitment_Pack.pdf
786,documents/Fundraising_Officer_-_Recruitment_Pack.docx
790,documents/Explore_donors_and_recipients_of_international_humanitarian_assistance_data.xlsx
1299,documents/Trends_in_humanitarian_financing_SP.pdf
1302,documents/BP_ITEP_report_FINAL_3103_1.pdf
1331,documents/StillTooImportantToFail_final_2.pdf
1266,documents/Trends_in_ODA_through_multilateral_organisations.pdf
1300,documents/Scenarios_for_a_1_GNI_external_public_finance_target.pdf
795,documents/IATI_Full_Stack_Developer_Role_Profile_.docx
787,documents/MEIL_Lead_-_Recruitment_Pack.pdf
788,documents/MEIL_Lead_-_Recruitment_Pack.docx
794,documents/IATI_Business_Data_Analyst_Recruitment_Pack.pdf
800,documents/Factsheet_Trends_in_international_development_assistance_to_combat_pneumonia.pdf
796,documents/IATI_Full_Stack_Developer_Role_Profile_.pdf
776,documents/Global-Humanitarian-Assistance-Report-2020.pdf
755,documents/Disability-inclusive-ODA_IF.pdf
812,documents/delta_pl.html
814,documents/ug_pov_3d.html
777,documents/Global-Humanitarian-Assistance-Report-2020_Chapter-5.pdf
793,documents/IATI_Business_Data_Analyst_Recruitment_Pack.docx
987,documents/Communications_Officer_-_Recruitment_Pack_r9pq7tq.pdf
818,documents/Independent_Consultant_Communications_and_ME_Lead.pdf
817,documents/Independent_Consultant_Communications_and_ME_Lead.docx
1332,documents/Role_Profile-Administrative_Assistant.docx
1345,documents/WB_with_climate_coefficients.xlsx
838,documents/Agriculture_Kenya.xlsx
839,documents/County-Public-Resources_Kenya.xlsx
823,documents/Public_finance_Uganda.xlsx
824,documents/Water_and_sanitation_Uganda.xlsx
825,documents/District_public_resources_Uganda.xlsx
826,documents/Education_Uganda.xlsx
827,documents/Health_Uganda.xlsx
828,documents/Population_Uganda.xlsx
829,documents/Poverty_and_vulnerability_Uganda.xlsx
840,documents/Education_Kenya.xlsx
841,documents/Energy_Kenya.xlsx
842,documents/Health_Kenya.xlsx
843,documents/Population_Kenya.xlsx
844,documents/Poverty-and-Vulnerability_Kenya.xlsx
845,documents/Water-and-sanitation_Kenya.xlsx
807,documents/Trends_in_international_development_assistance_to_combat_pneumonia_data.xlsx
805,documents/Tracking_aid_flows_in_light_of_the_Covid-19_crisis_June_2020_pVULnN3.xlsx
810,documents/Tracking_aid_flows_in_light_of_the_Covid-19_crisis_June_2020_WXmGvlZ.xlsx
1301,documents/Privacy_and_cookies_policy_BDze79q.pdf
1305,documents/Analyst_Recruitment-pack_2023.docx
1267,documents/Multilateral_ODA_Fact_sheet_final.pdf
819,documents/Independent_Consultant_Programme_Assistant_SDGs_Kenya_OBHVO9z.docx
850,documents/Poverty_in_Uganda_-_National_and_regional_data_and_trends.pdf
852,documents/Poverty_in_Uganda_-_National_and_regional_data_and_trends.xlsx
853,documents/Progress_of_health_and_WASH_in_Kenyas_poorest_ASAL_counties_data.xlsx
854,documents/covid_proj.csv
855,documents/covid_proj2.csv
856,documents/all_survey.csv
820,documents/Independent_Consultant_Programme_Assistant_SDGs_Kenya.pdf
857,documents/test.csv
858,documents/How_is_Covid-19_impacting_people_in_poverty_worldwide.pdf
859,documents/How_is_Covid_impacting_people_living_in_poverty_worldwide.xlsx
851,documents/Progress_in_health_and_WASH_in_Kenyas_poorest_ASAL_counties.pdf
822,documents/Tracking_aid_flows_in_light_of_the_Covid-19_crisis_acTPqBR.xlsx
875,documents/Data_to_leave_no_one_behind_in_the_context_of_Covid-19_-_Practical_steps_from_Benin.pdf
869,documents/Adapting-aid-to-end-poverty.pdf
870,documents/Adapting_aid_to_end_poverty.xlsx
879,documents/How_can_development_actors_meet_longer_term_needs_in_crises.pdf
887,documents/Developer_Internship_Recruitment_Pack.pdf
882,documents/Executive_summary_timeline.pdf
1333,documents/Role_Profile-Administrative_Assistant.pdf
888,documents/Developer_Internship_Recruitment_Pack.docx
884,documents/Supporting_longer_term_development_in_crises_at_the_nexus_Lessons_from_Cameroon.pdf
885,documents/Soutenir_le_développement_à_long_terme_en_situation_de_crise_au_nexus_Résumé.pdf
881,documents/Supporting_longer_term_development_in_crises_at_the_nexus_Lessons_from_Cameroon.xlsx
874,documents/How_is_aid_changing_in_the_Covid-19_pandemic.xlsx
871,documents/How_is_aid_changing_in_the_Covid-19_pandemic.pdf
899,documents/Team_Assistant_Nairobi_Recruitment_Pack.pdf
890,documents/Senior_Consulting_Analyst_Terms_of_Reference.pdf
889,documents/Senior_Consulting_Analyst_Terms_of_Reference.docx
891,documents/Senior_Consulting_Analyst_Terms_of_Reference_aWHT2cU.docx
892,documents/Senior_Consulting_Analyst_Terms_of_Reference_1g8W4tw.pdf
1312,documents/Business_Development_Intern_Recruitment-pack_2023_final.docx
1268,documents/IATI_call_for_proposals_14.2.23.pdf
1346,documents/LNOB_Nepal_Simta_report_Final_June_hagQEAM.pdf
900,documents/Team_Assistant_Nairobi_Recruitment_Pack.docx
901,documents/Content__Publications_Officer_Recruitment_Pack_XUEilDt.docx
902,documents/Content__Publications_Officer_Recruitment_Pack_kWGHXMS.pdf
903,documents/Supporting_longer_term_development_in_crises_at_the_nexus_Lessons_from_Somalia.pdf
886,documents/Tracking_aid_flows_in_light_of_the_Covid-19_crisis.xlsx
904,documents/Supporting_longer_term_development_in_crises_at_the_nexus_Lessons_from_Somalia.xlsx
910,documents/Aid-data-20192020-DAC-IATI_data.xlsx
864,documents/Senior-Policy-Engagement-Advisor_Recruitment-Pack.pdf
905,documents/Aid_data_2019-2020_Analysis_of_trends_before_and_during_Covid.pdf
923,documents/Poverty_and_Inequality_lead_100321_FINAL_FOR_UPLOAD.pdf
924,documents/Poverty_and_Inequality_lead_100321_FINAL_FOR_UPLOAD.docx
925,documents/Public_Finance_Management_Lead_Analyst_Role_profile_FINAL_FOR_UPLOAD.pdf
926,documents/Public_Finance_Management_Lead_Analyst_Role_profile_FINAL_FOR_UPLOAD.docx
1313,documents/Poverty_Inequality_Lead_Recruitment_Pack_y6icX6W.docx
927,documents/Public_Finance_Management_Lead_Analyst_Role_profile_FINAL_FOR_UPLOAD_llIjPLA.pdf
944,documents/136-DVI-Progress-Report-260321.pdf
1334,documents/Role_Profile-Office_Assistant.docx
918,documents/Development_Initiatives_strategy_20212030_whats_new.pdf
919,documents/Private_finance_mobilised_by_bilateral_donors_across_poverty_bands.xlsx
1349,documents/GHA_Figure_1.2.pdf
1353,documents/FCDOs_Aid_Spending_for_Nutrition_2021.pdf
906,documents/DI_2021-2023-Strategy.pdf
943,documents/Supporting_longer_term_development_in_crises_at_the_nexus_Lessons_from_Bangladesh.xlsx
922,documents/Development_actors_at_the_nexus_Lessons_from_crises_in_Bangladesh_Cameroon_an_cSeZuA0.xlsx
947,documents/Development_actors_at_the_nexus_Lessons_from_crises_in_Bangladesh_Cameroon_and_Somalia.pdf
911,documents/Terms-of-reference_Global-Nutrition-Report-Independent-Expert-Group.pdf
912,documents/GNR-IEG-DOI.docx
968,documents/How_can_data_better_support_disability_in_East_Africa_Transcript.pdf
951,documents/Tracking-aid-flows-in-light-of-the-Covid-19-crisis_March.xlsx
969,documents/How_can_data_better_support_disability_in_East_Africa_Transcript.docx
997,documents/IATI_Software_Developer_recruitment_pack.pdf
1269,documents/IATI_call_for_proposals_14.2.23.docx
1347,documents/LNOB_Nepal_Data_landscaping_in_Tulispur_Final_June_updated.pdf
948,documents/Supporting_longer_term_development_in_crises_at_the_nexus_Lessons_from_Bangladesh.pdf
1314,documents/Poverty_Inequality_Lead_Recruitment_Pack_U9OlCtt.pdf
958,documents/Finance_Assistant_-_Recruitment_Pack.docx
959,documents/Finance_Assistant_-_Recruitment_Pack.pdf
1335,documents/Role_Profile-Office_Assistant.pdf
964,documents/Nepals_evolving_data_community.pdf
965,documents/Nepals_Data_Landscape.pdf
1350,documents/GHA2023_Digital_v9.pdf
977,documents/Tracking_the_global_humanitarian_response_to_Covid-19.xlsx
966,documents/ODA_in_2020_What_does_OECD_DAC_preliminary_data_tell_us.pdf
976,documents/Tracking_the_Global_Humanitarian_Response_to_Covid-19.pdf
967,documents/ODA_in_2020_What_does_OECD_DAC_preliminary_data_tell_us.xlsx
978,documents/Tracking-aid-flows-in-light-of-the-Covid-19-crisis_April.xlsx
979,documents/GNR_UX_research_and_design_services_Terms_of_Reference.pdf
980,documents/GNR_UX_research_and_design_services_Terms_of_Reference.docx
981,documents/Group_structure_2021.pdf
1315,documents/Is_the_SDG_monitoring_framework_broken_discussion_paper.pdf
988,documents/Communications_Officer_-_Recruitment_Pack_AMrQS2Z.docx
1001,documents/Key_findings_from_the_GHA_Report_2021.pdf
1011,documents/Board_Member_Terms_of_Reference.pdf
1012,documents/Board_Member_Terms_of_Reference.docx
1003,documents/Bid-Proposal_Manager_Recruitment_pack.docx
1002,documents/Bid-Proposal_Manager_Recruitment_pack.pdf
989,documents/Communications_Officer_-_Recruitment_Pack_EPDM8nF.pdf
1020,documents/Head_of_Finance_Recruitment_pack.docx
1021,documents/Head_of_Finance_Recruitment_pack.pdf
1000,documents/Global-Humanitarian-Assistance-Report_2021.xlsx
994,documents/Head_of_Business_Development_maternity_cover_recruitment_pack.docx
995,documents/Head_of_Business_Development_maternity_cover_recruitment_pack.pdf
1363,documents/Humanitarian_Finance_101.pdf
1289,documents/Executive_Assistant_recruitment_pack_2iwIVkz.pdf
1348,documents/Indirect_costs_for_local_and_national_partners_.pdf
1354,documents/RVoA_UK_aid_briefing.pdf
1008,documents/Global-Humanitarian-Assistance-Report-2021.pdf
1050,documents/Targeting_Covid-19_relief_in_Uganda_The_role_of_data_statistics_and_evidence_cx9ZfxQ.pdf
1272,documents/Kenya_SDG_Forum_consultant_project_manger.docx
626,documents/GHA-Report-2017-Chapter-2.pdf
623,documents/GHA-Report-2017-Full-report.pdf
624,documents/GHA-Report-2017-Executive-summary.pdf
625,documents/GHA-Report-2017-Chapter-1.pdf
1029,documents/Improving_the_visibility_of_local_and_national_actors_in_humanitarian_aid_data.pdf
627,documents/GHA-Report-2017-Chapter-3.pdf
628,documents/GHA-Report-2017-Chapter-4.pdf
629,documents/GHA-Report-2017-Chapter-5.pdf
630,documents/GHA-Report-2017-Chapter-6.pdf
631,documents/Chapter-1.xlsx
632,documents/Chapter-2.xlsx
633,documents/Chapter-3.xlsx
634,documents/Chapter-4.xlsx
635,documents/Chapter-5.xlsx
636,documents/GHA-2018-Chapter-1_data.xlsx
637,documents/GHA-2018-Chapter-2-data.xlsx
638,documents/GHA-2018-Chapter-3-data.xlsx
639,documents/GHA-2018-Chapter-4-data.xlsx
640,documents/Global-Humanitarian-Assistance-Report-2016.pdf
641,documents/Chapter-1-figures.xlsx
642,documents/Chapter-2-figures.xlsx
643,documents/Chapter-3-figures.xlsx
644,documents/Chapter-4-figures.xlsx
645,documents/Chapter-5-figures.xlsx
646,documents/Chapter-6-figures.xlsx
647,documents/Chapter-7-figures.xlsx
648,documents/Global-Humanitarian-Assistance-Report-2016_bOTzDSW.pdf
649,documents/GHA-Report-2016_Executive-summary.pdf
650,documents/Global-Humanitarian-Assistance-Report-2016_Chapter-1.pdf
655,documents/Global-Humanitarian-Assistance-Report-2016_Chapter-6.pdf
1051,documents/Analysis_of_aid_flows_to_Uganda_before_and_during_Covid-19.pdf
1061,documents/Kenyas_increasing_use_of_loans_from_international_financial_institutions.xlsx
1063,documents/Kenyas_increasing_use_of_loans_from_international_financial_institutions.pdf
1066,documents/Reversing_the_trends_that_leave_LDCs_behind_Dataset.xlsx
1062,documents/FCDOs_Aid_Spending_for_Nutrition_2019.pdf
1025,documents/Domestic_financial_flows_in_Uganda_before_and_during_Covid-19_qfggZqT.pdf
1273,documents/Kenya_SDG_Forum_consultant_project_manger.pdf
656,documents/Global-Humanitarian-Assistance-Report-2016_Chapter-7.pdf
1237,documents/DIPR_2021_signed_accounts_9yuMpQY.pdf
1103,documents/Senior__Policy_Engagement_Advisor_recruitment_pack.pdf
1105,documents/Executive_Assistant_recruitment_pack.pdf
1106,documents/Executive_Assistant_recruitment_pack.docx
1107,documents/Senior__Policy_Engagement_Advisor_recruitment_pack.docx
657,documents/Global-Humanitarian-Assistance-Report-2016_Chapter-8.pdf
679,documents/Senior_IT_Manager_-_Recruitment_Pack.pdf
680,documents/Diversity-Monitoring-form.docx
668,documents/Full_Stack_Developer_Uganda.pdf
681,documents/Senior_IT_Manager_-_Recruitment_Pack.docx
682,documents/Senior_IT_Manager_-_Recruitment_Pack_06RogaO.pdf
686,documents/Analyst_-_Recruitment_Pack_2020.pdf
687,documents/Analyst_-_Recruitment_Pack_2020_Final.docx
1086,documents/Reversing_the_trends_that_leave_LDCs_behind.pdf
692,documents/Independent_Consultant_Terms_of_Reference.pdf
693,documents/Independent_Consultant_Terms_of_Reference.docx
1094,documents/what_are_the_ongoing_impacts_of_the_pandemic_on_development_finance.pdf
1100,documents/Poverty_trends_-_global_regional_and_national_-_November_2021.pdf
1096,documents/Request_for_audit_application_-_Kenya_.docx
1097,documents/Request_for_audit_application_-_Kenya__fYmQQPo.docx
1078,documents/Senior_Data_Scientist_Nutrition_Accountability_Framework_-_Recruitment_pack.pdf
1102,documents/IATI_Software_Developer_recruitment_pack.docx
1079,documents/Senior_Data_Scientist_Nutrition_Accountability_Framework_-_Recruitment_pack.docx
1099,documents/Developer_Internship_Recruitment_Pack_sBwHg3b.docx
1098,documents/Developer_Internship_Recruitment_Pack-2.pdf
1112,documents/Content__Publications_Officer_recruitment_pack_2021.docx
1080,documents/Senior_Data_Scientist_Country_Nutrition_Profiles_-_Recruitment_pack.pdf
1110,documents/Business_Development_and_CRM_Manager_Recruitment_pack.pdf
1111,documents/Business_Development_and_CRM_Manager_Recruitment_pack.docx
1113,documents/Content__Publications_Officer_recruitment_pack_2021.pdf
1095,documents/what_are_the_ongoing_impacts_of_the_pandemic_on_development_finance.xlsx
1116,documents/IATI_Business_and_Data_Analyst_Team_Manager_-_role_profile.docx
1101,documents/Poverty_trends_-_global_regional_and_national_-_November_2021.xlsx
1117,documents/IATI_Business_and_Data_Analyst_Team_Manager_-_role_profile.pdf
1119,documents/Ugandas_loans_from_international_financial_institutions_20182021.xlsx
1120,documents/Independent_Consultants_Gender_Dashboard_Terms_of_Reference.docx
1121,documents/Independent_Consultants_Gender_Dashboard_Terms_of_Reference.pdf
1089,documents/Mashariki_DI_newsletter_Sept_2021.pdf
1124,documents/IT_Officer_Recruitment_pack.docx
1125,documents/IT_Officer_Recruitment_pack.pdf
1134,documents/Inequality_measuring_it_and_why_it_matters_for_poverty_reduction.pdf
1145,documents/Consultancy_write_up_template.docx
1132,documents/Inequality_Global_trends.pdf
1133,documents/Inequality_Global_trends_Dataset.xlsx
1135,documents/Inequality_measuring_it_and_why_it_matters_for_poverty_reduction.xlsx
1136,documents/Inequality_Global_trends_Word_version.docx
1137,documents/Inequality_measuring_it_and_why_it_matters_for_poverty_reduction_Word_version.docx
1140,documents/Project_Planner_Recruitment_pack.docx
1141,documents/Project_Planner_Recruitment_pack.pdf
1142,documents/Data_disharmony_How_can_donors_better_act_on_their_commitments_Word_version.docx
1143,documents/Data_disharmony_How_can_donors_better_act_on_their_commitments.pdf
1144,documents/GPI_and_Africa_March_2022.pdf
1118,documents/Ugandas_loans_from_international_financial_institutions_2018-2021_1.pdf
1148,documents/Ugandas_loans_from_international_financial_institutions_IFIs_2018-2021_Word_version.docx
1154,documents/Funding_for_gender-relevant_humanitarian_response_Word_version.docx
1188,documents/GNR_Context_Analysis_and_Needs_Assessment_Terms_of_Reference__Final_1_Qa9uDzy_2.docx
1174,documents/Modern_slavery_Nov_2021.pdf
1149,documents/GHA_Private_Funding_Briefing_final.pdf
1152,documents/Funding_for_gender-relevant_humanitarian_response.pdf
1153,documents/Funding_for_gender-relevant_humanitarian_response_data.xlsx
1155,documents/Finance_Business_Partner_Recruitment_Pack.pdf
1156,documents/Finance_Business_Partner_Recruitment_Pack.docx
1158,documents/Senior_Full_Stack_Developer_IATI_recruitment_pack.pdf
1164,documents/Programme_Officer_recruitment_pack.pdf
1163,documents/Programme_Officer_recruitment_pack_Word_version.docx
1165,documents/UK_aid_Trends_in_the_quality_and_quantity_of_UK_ODA.pdf
1182,documents/ODA_20202021_Key_trends_before_and_during_emerging_crises.pdf
1183,documents/International_humanitarian_assistance_Donors_channels_and_recipients.xlsx
1185,documents/Dataset_Global_Humanitarian_Assistance_Report_2022.xlsx
1196,documents/Chinese_lending_to_East_Africa_What_the_numbers_tell_us.pdf
1172,documents/Grants_Assistant_Role_profile.docx
1173,documents/Grants_Assistant_Role_profile.pdf
1186,documents/Letter_from_Pin.pdf
1157,documents/Senior_Front_End_Developer_IATI_recruitment_pack.pdf
1159,documents/Senior_Full_Stack_Developer_IATI_recruitment_pack_Word.docx
1160,documents/Senior_Front_End_Developer_IATI_recruitment_pack_Word.docx
1161,documents/Funding_for_gender-relevant_humanitarian_response_iXaEDSq.pdf
1175,documents/Delivering_the_UKs_International_Development_Strategy.pdf
1180,documents/Progress_Report_2021_1.pdf
1181,documents/Latest_trends_in_UK_aid_data_for_download_220526_final.xlsx
1189,documents/Progress_Report_2021_updated.pdf
1217,documents/DII_2021_signed_accounts.pdf
1218,documents/DIPR_2021_signed_accounts.pdf
1219,documents/The_Ukraine_crisis_and_diverted_aid-What_we_know_so_far.pdf
1229,documents/Gender_Budget_Analysis_Consultancy_ToR.pdf
1224,documents/Capacity_Capability_Developer_UK.pdf
1225,documents/Capacity_Capability_Developer_Kenya.pdf
1230,documents/Gender_Budget_Analysis_Consultancy_ToR.docx
1208,documents/The_food_insecurity_gap_and_protracted_humanitarian_crisis_sdUDVuj.pdf
1207,documents/International_humanitarian_assistance_Donors_channels_and_recipients_v2.xlsx
1209,documents/The_food_insecurity_gap_and_protracted_humanitarian_crisis_v2.pdf
1211,documents/The_food_insecurity_gap_and_protracted_humanitarian_crisis_v2_LnNXKdL.pdf
1212,documents/The_food_insecurity_gap_and_protracted_humanitarian_crisis_v2_PltLgTZ.pdf
1213,documents/The_food_insecurity_gap_and_protracted_humanitarian_crisis_v2_qvEYDAR.pdf
1220,documents/GHA2022_Digital_v8.pdf
1221,documents/GHA2022_Digital_v8_IdHI18g.pdf
1193,documents/GHA2022_Digital_v8_DknWCsU.pdf
1226,documents/Tracking_cash_and_voucher_assistance.pdf
1235,documents/Tracking_CVA_report_data_for_website.xlsx
1254,documents/classroom_to_pupil_ratio.csv
1198,documents/EDI_Statement__Strategy_Aug_2022.pdf
1200,documents/Income_Acceptance_Policy_Aug_2022.pdf
1206,documents/The_food_insecurity_gap_and_protracted_humanitarian_crisis.pdf
1222,documents/The_food_insecurity_gap_and_protracted_humanitarian_crisis_v3.pdf
1234,documents/Progress_Report_2021_Final_with_finance.pdf
1238,documents/Food_insecurity_factsheet_data.xlsx
1240,documents/Climate_Finance_Tracking_and_Accountability_final.pdf
696,documents/Independent_Consultant_SDGs_Gender_Lead_Terms_of_Reference.pdf
697,documents/Independent_Consultant_SDGs_Gender_Lead_Terms_of_Reference.docx
1252,documents/DIs_Africa_Hub_Delivering_our_strategy.pdf
698,documents/Engagement_Officer_Research_Assistant_Recruitment_Pack.pdf
5,documents/Briefing_Uganda-DRR-budget-tracking-What-are-the-key-areas-of-investment.pdf
7,documents/Factsheet_Key-trends-in-global-humanitarian-assistance-Data.xlsx
8,documents/Global-Humanitarian-Assistance-Report-2019.pdf
9,documents/Global-Humanitarian-Assistance-Report-2019_Chapter-1.pdf
10,documents/Global-Humanitarian-Assistance-Report-2019_Chapter-2.pdf
11,documents/Global-Humanitarian-Assistance-Report-2019_Chapter-3.pdf
12,documents/Global-Humanitarian-Assistance-Report-2019_Chapter-4.pdf
13,documents/Global-Humanitarian-Assistance-Report-2019_Chapter-5.pdf
14,documents/Global-Humanitarian-Assistance-Report-2019_Executive-summary.pdf
15,documents/Global-Humanitarian-Assistance-Report-2019-Chapter-4-Data.xlsx
16,documents/Global-Humanitarian-Assistance-Report-2019-Executive-summary-Data.xlsx
17,documents/Global-Humanitarian-Assistance-Report-2019-Chapter-1-Data.xlsx
699,documents/Research_Assistant_and_Engagement_Officer_Recruitment_Pack.docx
18,documents/Global-Humanitarian-Assistance-Report-2019-Chapter-2-Data.xlsx
19,documents/Global-Humanitarian-Assistance-Report-2019-Chapter-3-Data.xlsx
20,documents/Organisational-strategy-2016-2020.pdf
22,documents/Investments-to-End-Poverty-2013.pdf
23,documents/Investments-to-End-Poverty-2015.pdf
24,documents/Investments-to-End-Poverty-2018.pdf
25,documents/Development-Initiatives-Progress-report-2018.pdf
27,documents/GDPR_candidate_privacy_notice.pdf
34,documents/Test-job.docx
35,documents/Test-job.pdf
36,documents/Grand-bargain-transparency-workstream-progress-report-May-2019.pdf
945,documents/DI_Progress_Report_2021.pdf
1242,documents/Climate_Finance_in_Africa_.pdf
1257,documents/Funding_to_local_actors_evidence_from_the_Syrian_refugee_response_in_Türkiye_data.xlsx
1246,documents/TMK_DI_funding_flows_report.pdf
1258,documents/Head_of_CEOs_Office_Recruitment_Pack.pdf
1253,documents/District_Profile.csv
1255,documents/learner_enrollment.csv
55,documents/Report_Is-the-2019-20-Uganda-budget-pro-poor.pdf
56,documents/Innovative-financing-for-refugee-situations.pdf
58,documents/Aid-spending-by-DAC-donors-in-2018.pdf
59,documents/Preliminary-ODA-data-2018-factsheet-data.xlsx
60,documents/Briefing_Closing-the-gap_Priorities-for-the-High-level-Political-Forum-2019.pdf
61,documents/Factsheet_Key-trends-in-global-humanitarian-assistance_2019.pdf
62,documents/Data-for-Factsheet_Key-trends-in-global-humanitarian-assistance_2019.xlsx
63,documents/Briefing_Key-trends-in-global-humanitarian-assistance_2019.pdf
64,documents/Data-for-Briefing_Key-trends-in-global-humanitarian-assistance_2019.xlsx
65,documents/Managing-recurrent-disaster-related-shocks-and-supporting-resilience-options-i_ModV1ie.pdf
66,documents/Towards-an-improved-understanding-of-vulnerability-and-resilience-in-Somalia.pdf
67,documents/Report_Harmonising-registrations-and-identification-in-emergencies-in-Somalia.pdf
68,documents/Briefing_Harmonising-registrations-and-identification-in-emergencies-in-Somalia.pdf
675,documents/Donors-at-the-triple-nexus_Lessons-from-Sweden.xlsx
676,documents/Donors-at-the-triple-nexus_Lessons-from-Sweden.pdf
688,documents/Field-perspectives-on-MYHF-and-planning-in-Lebanon-and-Jordan_Chapter-2.xlsx
690,documents/Poverty-trends_Global-regional-and-national.xlsx
715,documents/Digital-civil-registration-and-legal-identity-systems.pdf
716,documents/The-cost-of-achieving-SDG-3-and-SDG-4.pdf
731,documents/DFIDs-aid-spending-for-nutrition-20102012.pdf
742,documents/Figure-1_DFID-spending-on-nutrition-as-a-percentage-of-overall-aid-expenditure_NdNj2UU.JPG
760,documents/Test.xlsx
765,documents/GHA-Report-2020_Executive-summary_Infographic.pdf
766,documents/Global_Humanitarian_Assistance_Report_2020.xlsx
778,documents/Global-Humanitarian-Assistance-Report-2020_Acknowledgements.pdf
779,documents/Global-Humanitarian-Assistance-Report-2020_Chapter-1.pdf
780,documents/Global-Humanitarian-Assistance-Report-2020_Chapter-2.pdf
781,documents/Global-Humanitarian-Assistance-Report-2020_Chapter-3.pdf
782,documents/Global-Humanitarian-Assistance-Report-2020_Chapter-4.pdf
783,documents/Global-Humanitarian-Assistance-Report-2020_Foreword.pdf
784,documents/Global-Humanitarian-Assistance-Report-2020_Executive-summary.pdf
801,documents/Programme-Manager_Global-Nutrition-Report.docx
802,documents/Programme-Manager_Global-Nutrition-Report.pdf
803,documents/Government-funding-to-support-disability-inclusion-in-Kenya_IF.pdf
804,documents/Government-funding-to-support-disability-inclusion-in-Kenya.docx
946,documents/DI_Progress_Report_2020.pdf
808,documents/Government-funding-to-support-disability-inclusion-in-Kenya.xlsx
848,documents/Generating-disability-statistics_IF.pdf
849,documents/Uganda-disability-data-landscape_IF.pdf
860,documents/Financing-humanitarian-needs-amid-the-Covid-19-pandemic_fwYMPNL.pdf
861,documents/Financing-humanitarian-needs-amid-the-Covid-19-pandemic.xlsx
862,documents/Key-trends-in-aid-targeting-persons-with-intellectual-disabilities.xlsx
863,documents/Senior-Policy-Engagement-Advisor_Recruitment-Pack.docx
865,documents/Executive-Assistant_Recruitment-Pack.pdf
866,documents/Executive-Assistant_Recruitment-Pack.docx
868,documents/Cover__How_can_development_actors_meet_longer-term_needs_in_crises.JPG
876,documents/Independent-Consultant_UX-Researcher-for-IATI.docx
893,documents/Analyst_Recruitment-pack.docx
894,documents/Analyst_Recruitment-pack.pdf
895,documents/Independent-Consultant_Senior-Programme-Officer.pdf
896,documents/Independent-Consultant_Senior-Programme-Officer.docx
897,documents/Aid-to-LDCs-LLDCs-and-SIDS-during-the-Covid-19-pandemic.pdf
898,documents/Aid-to-LDCs-LLDCs-and-SIDS-during-the-Covid-19-pandemic.xlsx
907,documents/Cuts-to-the-UK-2020-aid-budget.pdf
909,documents/Cuts-to-the-UK-2020-aid-budget.xlsx
913,documents/GNR-IEG-EOI.docx
914,documents/GNR-IEG-Membership-Application-Form.docx
1108,documents/ToR_GHA_programme_Phase_IV_Evaluation.pdf
1109,documents/ToR_GHA_programme_Phase_IV_Evaluation.docx
915,documents/Project-Accountant_Recruitment-pack.docx
916,documents/Project-Accountant_Recruitment-pack.pdf
917,documents/Tracking-aid-flows-in-light-of-the-Covid-19-crisis.xlsx
928,documents/Public_Finance_Management_Lead_Analyst_Role_profile_FINAL_FOR_UPLOAD_zkbNZTS.docx
931,documents/Public_Finance_Management_Lead_Analyst_Recruitment_Pack.docx
932,documents/Public_Finance_Management_Lead_Analyst_Recruitment_Pack.pdf
933,documents/Public_Finance_Management_Lead_Analyst_Recruitment_Pack_8oNCxMM.pdf
934,documents/Public_Finance_Management_Lead_Analyst_Recruitment_Pack_NFtneyh.docx
935,documents/Poverty_and_Inequality_Lead_Recruitment_Pack.docx
936,documents/Poverty_and_Inequality_lead_Recruitment_Pack.pdf
937,documents/Poverty__Inequality_Lead_Recruitment_Pack.docx
938,documents/Poverty__Inequality_Lead_Recruitment_Pack.pdf
939,documents/Communications_Consultant_Terms_of_Reference.pdf
940,documents/Communications_Consultant_Terms_of_Reference.docx
941,documents/Project-Accountant_Recruitment-pack_ilw5Rbq.docx
942,documents/Project-Accountant_Recruitment-pack_B8BOPIb.pdf
949,documents/Analyst_Recruitment_Pack.docx
950,documents/Analyst_Recruitment_Pack.pdf
952,documents/Analyst_Recruitment_Pack_3jUg2x7.docx
953,documents/Analyst_Recruitment_Pack_zabUP2S.pdf
954,documents/GNR_Executive_Assistant_Consultant_Terms_of_Reference.docx
955,documents/GNR_Executive_Assistant_Consultant_Terms_of_Reference.pdf
956,documents/GNR_Nutrition_Scientist_Consultant_-_Terms_of_Reference.docx
957,documents/GNR_Nutrition_Scientist_Consultant_-_Terms_of_Reference.pdf
960,documents/Terms_of_Reference_Independent_Consultant_Communications_Officer.docx
961,documents/Terms_of_Reference_Independent_Consultant_Communications_Officer.pdf
962,documents/Terms_of_Reference_Independent_Consultant_Communications_Officer_6NQTE8B.docx
963,documents/Terms_of_Reference_Independent_Consultant_Communications_Officer_lUSPi89.pdf
970,documents/Project_Accountant_Recruitment_pack.docx
971,documents/Project_Accountant_Recruitment_pack.pdf
972,documents/Senior_Communications_Officer_-_Recruitment_pack.docx
973,documents/Senior_Communications_Officer_-_Recruitment_pack.pdf
974,documents/Senior_Communications_Officer_-_Recruitment_pack_iDwIhy1.docx
975,documents/Senior_Communications_Officer_-_Recruitment_pack_1EkiObT.pdf
982,documents/Communications_Officer_-_Recruitment_Pack.docx
983,documents/Communications_Officer_-_Recruitment_Pack.pdf
984,documents/GNR_Mid-term_Review_-_Terms_of_Reference.docx
985,documents/GNR_Mid-term_Review_-_Terms_of_Reference.pdf
986,documents/Communications_Officer_-_Recruitment_Pack_XGu6tZk.docx
990,documents/Senior_Development_Finance_Advisor_-_Recruitment_Pack.docx
991,documents/Senior_Development_Finance_Advisor_-_Recruitment_Pack.pdf
992,documents/Head_of_CEOs_Office_-_Recruitment_Pack.docx
993,documents/Head_of_CEOs_Office_-_Recruitment_Pack.pdf
998,documents/GNR_Mid-term_Review_Terms_of_Reference.docx
999,documents/GNR_Mid-term_Review_Terms_of_Reference.pdf
1004,documents/SDGs_Kenya_Forum_Consultant_Terms_of_Reference.docx
1005,documents/SDGs_Kenya_Forum_Consultant_Terms_of_Reference.pdf
1006,documents/Programme_Manager_GNR_-_Recruitment_Pack.docx
1007,documents/Programme_Manager_GNR_-_Recruitment_Pack.pdf
1009,documents/Bid-Proposal_Manager_Recruitment_pack_TlsEOXH.pdf
1010,documents/Bid-Proposal_Manager_Recruitment_pack_E4S6nIq.docx
1024,documents/Domestic_financial_flows_before_and_during_Covid_19_-_Kenya.xlsx
1026,documents/Domestic_financial_flows_in_Uganda_before_and_during_Covid_19.xlsx
1027,documents/Project_Officer_Recruitment_pack.pdf
1028,documents/Project_Officer_Recruitment_pack.docx
1036,documents/Domestic_financial_flows_in_Kenya_before_and_during_Covid-19.xlsx
1039,documents/Domestic_financial_flows_in_Uganda_before_and_during_Covid-19.xlsx
1041,documents/Domestic_financial_flows_in_Uganda_before_and_during_Covid-19_ayKpngo.pdf
1043,documents/Domestic_financial_flows_in_Uganda_before_and_during_Covid-19_X7gxdLN.pdf
1044,documents/Aid_flows_to_Kenya_before_and_during_Covid-19.pdf
1045,documents/Analysis_of_aid_flows_to_Kenya_before_and_during_Covid-19.pdf
1046,documents/Analysis_of_aid_flows_to_Kenya_before_and_during_Covid-19_data.xlsx
1047,documents/Analysis_of_aid_flows_to_Kenya_before_and_during_Covid-19_data_sV5tN4Z.xlsx
1049,documents/Analysis_of_aid_flows_to_Uganda_before_and_during_Covid-19_data.xlsx
1053,documents/Analysis_of_aid_flows_to_Kenya_before_and_during_Covid-19_yi3kp49.pdf
1054,documents/Analysis_of_aid_flows_to_Kenya_before_and_during_Covid-19_UXnc3y6.pdf
1055,documents/Analysis_of_aid_flows_to_Uganda_before_and_during_Covid-19_tcqH7kb.pdf
1056,documents/Senior_Development_Finance_Analyst_-_Recruitment_Pack.docx
1057,documents/Senior_Development_Finance_Analyst_-_Recruitment_Pack.pdf
1058,documents/Senior_Development_Finance_Analyst_-_Recruitment_Pack_BW3PkVO.docx
1059,documents/Senior_Development_Finance_Analyst_-_Recruitment_Pack_nQbM1BV.pdf
1069,documents/Privacy_and_cookies_policy.pdf
1070,documents/DII_accounts_2020.pdf
1071,documents/DIPR_accounts_2020.pdf
1074,documents/Information_Systems_Analyst_-_Recruitment_pack.pdf
1075,documents/Information_Systems_Analyst_-_Recruitment_pack.docx
1076,documents/Project_Manager_-_Recruitment_pack.pdf
1077,documents/Project_Manager_-_Recruitment_pack.docx
1081,documents/Senior_Data_Scientist_Country_Nutrition_Profiles_-_Recruitment_pack.docx
1082,documents/Project_Manager_-_Recruitment_pack_YOl3ADz.pdf
1083,documents/Project_Manager_-_Recruitment_pack_DPsCR1j.docx
1084,documents/Project_Manager_-_Recruitment_pack_dcwOUKB.docx
1085,documents/Project_Manager_-_Recruitment_pack_9t50E3F.pdf
1090,documents/Nutrition_Scientist_-_Recruitment_pack.pdf
1091,documents/Nutrition_Scientist_-_Recruitment_pack.docx
1092,documents/Content__Publications_Officer_recruitment_pack.docx
1093,documents/Content__Publications_Officer_recruitment_pack.pdf
1013,documents/Bid-Proposal_Manager_Recruitment_pack_TPbyBf1.docx
1014,documents/Bid-Proposal_Manager_Recruitment_pack_BmehADq.pdf
1015,documents/Head_of_Programme_and_Project_Management_Recruitment_Pack.docx
1016,documents/Head_of_Programme_and_Project_Management_Recruitment_Pack.pdf
1017,documents/Domestic_financial_flows_in_Kenya_before_and_during_Covid-19.docx
1018,documents/Domestic_financial_flows_in_Kenya_before_and_during_Covid-19.pdf
1019,documents/Domestic_financial_flows_in_Uganda_before_and_during_Covid-19.pdf
1022,documents/Domestic_financial_flows_in_Kenya_before_and_during_Covid-19_IQx2rWO.pdf
1023,documents/Domestic_financial_flows_before_and_during_Covid_19_-_Kenya__LS_edit_GC_LS_final.xlsx
1359,documents/devinit_org.tar.gz
1294,documents/Should_Global_Public_Investment_GPI_finance_social_protection.pdf
700,documents/Research_Assistant_and_Engagement_Officer_Recruitment_Pack.pdf
709,documents/Food_poverty_global_regional_and_national_factsheet.pdf
710,documents/Food_poverty_global_regional_and_national.xlsx
707,documents/Content__Publications_Officer_Recruitment_Pack.pdf
708,documents/Content__Publications_Officer_Recruitment_Pack.docx
711,documents/Gender-based_violence_and_the_nexus.pdf
712,documents/Copy_of_Gender-based_violence_and_the_nexus_data.xlsx
729,documents/Grand-bargain-transparency-workstream-progress-report-May-2019_YH7sE6h.pdf
733,documents/Group_structure_2020.pdf
694,documents/Development_Finance_Lead_Recruitment_Pack_1.pdf
1375,documents/Time_for_Global_Public_Investment.pdf
1373,documents/GPIN-Report.pdf
1326,documents/Gender_inequality_briefing_gh53e6B.pdf
1341,documents/LNOB_assessment_in_Nepal_Tulsipur_dataset.xltx
1379,documents/gpi-infographic-a3.pdf
1374,documents/GPIN-Report_1.pdf
1380,documents/gpi-infographic-a3_XkUQ2zN.pdf
1377,documents/Time_for_Global_Public_Investment_GPIN.pdf
691,documents/Latest_IATI_-_data2.xml
1387,documents/saint_displacement2_data.zip
1276,documents/Donor_approaches_to_overheads_discussion_paper.pdf
1352,documents/Dataset_Global_Humanitarian_Assistance_Report_2023.xlsx
1381,documents/Int_flows_factsheet_final_final.pdf
1382,documents/Int_flows_factsheet_final_final_ceIYBFP.pdf
1383,documents/International_Finance_Flows_Factsheet_dataset_15-09-2023.xlsx
1402,documents/Annual_report_2022_final.pdf
1394,documents/Climate_vulnerability_climate_finance_ODA_and_protracted_crisis.xlsx
1413,documents/Facilities_and_Office_Coordinator_Recruitment_pack.docx
1399,documents/An_uncertain_road_Examining_the_World_Banks_climate_change_poverty_projection_IAPqcNo.xlsx
1401,documents/An_uncertain_road._Examining_the_World_Banks_climate_change_poverty_projections.pdf
1414,documents/Facilities_and_Office_Coordinator_Recruitment_pack.pdf
1410,documents/Head_of_Communications_and_Influence_recruitment_pack_UK_US_Kenya.pdf
1409,documents/Head_of_Communications_and_Influence_recruitment_pack_UK_US_Kenya.docx
1417,documents/Project_Accountant_Recruitment_Pack.docx
1419,documents/Project_Accountant_Recruitment_Pack.pdf
1420,documents/Project_Accountant_Recruitment_Pack_pdf.pdf
1428,documents/Dataset_Disability_data_in_Kenya_2022.xlsx
1429,documents/Disability_data_in_Kenya_2022_-_A_comprehensive_inventory.pdf
1432,documents/Methodology_Projecting_humanitarian_need_resulting_from_climate_impacts_to_the_lyHhWZ3.pdf
1434,documents/What_does_transformational_gender_responsive_climate_finance_look_like_CONCEPT_NOTE_.pdf
1433,documents/An_integrated_approach_to_finance_tracking_May_20232.pdf
1435,documents/Food_poverty._Key_findings_and_trends_20002023.pdf
1430,documents/Dataset_Food_poverty._Key_findings_and_trends_2000-2023.xlsx
1438,documents/ODA_2020-2021_Key_trends.pdf
1437,documents/Poverty_Inequality_Lead_Recruitment_Pack.docx
1436,documents/Poverty_Inequality_Lead_Recruitment_Pack.pdf
1446,documents/Fundraising__Development_Manager_Recruitment_pack.pdf
1444,documents/Dataset_Aid_in_2022._Key_facts_about_official_development_assistance.xlsx
1445,documents/Aid_in_2022._Key_facts_about_official_development_assistance.pdf
1447,documents/Fundraising__Development_Manager_Recruitment_pack.docx
1449,documents/Role_Profile_MEAL_Officer.pdf
1448,documents/Role_Profile_Programme_Manager.pdf
1450,documents/Role_Profile_Gender_Officer.pdf
1451,documents/Role_Profile_Communications_Officer.pdf
1452,documents/Role_Profile_Communications_Officer.docx
1453,documents/Role_Profile_Gender_Officer.docx
1454,documents/Role_Profile_MEAL_Officer.docx
1455,documents/Role_Profile_Programme_Manager.docx
1456,documents/Gender-focused_ODA_to_health_and_agriculture_in_Ethiopia.pdf
1457,documents/Improving_the_impact_of_ODA_on_social_protection_in_Kenya.pdf
1458,documents/The_role_of_ODA_in_delivering_social_protection_programmes_in_Kenya.pdf
1459,documents/Business_Administrator.docx
1460,documents/Business_Administrator.pdf
1461,documents/Senior_Policy_Analyst_Crisis_and_Humanitarian_-_recruitment_pack.docx
1462,documents/Senior_Policy_Analyst_Crisis_and_Humanitarian_-_recruitment_pack.pdf
1463,documents/Ugandas_aid_information_management_platform_-_the_data_landscape.pdf
1122,documents/Gender_and_Advocacy_Lead_Role_profile_SDGs_Kenya_Forum.pdf
1123,documents/Gender_Advocacy_Lead_Role_Profile_GC-_RO_GC.docx
1130,documents/Senior_Development_Finance_Policy_Advisor_Recruitment_pack.pdf
1127,documents/Program_Officer_Terms_of_Reference.docx
1126,documents/Program_Officer_Terms_of_Reference.pdf
1129,documents/Monitoring__Evaluation_Officer_Terms_of_Reference.docx
1128,documents/Monitoring__Evaluation_Officer_Terms_of_Reference.pdf
1131,documents/Senior_Development_Finance_Policy_Advisor_Recruitment_pack.docx
1138,documents/Call_for_an_independent_consultant_Organisational_development_and_design.docx
1139,documents/Call_for_an_independent_consultant_Organisational_development_and_design.pdf
1464,documents/Communications__Media_Officer_recruitment_pack.pdf
1465,documents/Communications__Media_Officer_recruitment_pack.docx
1466,documents/Communications__Media_Officer_recruitment_pack_hQl87AA.pdf
1146,documents/Content__Publications_Officer_recruitment_pack_2021_nYpgujJ.docx
1147,documents/Content__Publications_Officer_recruitment_pack_2021_EvH1eBm.pdf
1150,documents/Business_Development_and_Funding_Manager_March_2022_edit.docx
1151,documents/Business_Development_and_Funding_Manager_March_2022_edit.pdf
1171,documents/Project_Manager_Assistant_Role_profile.pdf
1170,documents/Project_Manager_Assistant_Role_profile.docx
1316,documents/P20_in_Atacora_and_Donga_final_version.pdf
1327,documents/Inequality_factsheet_Spring2023_Final_Dataset.xlsx
1342,documents/LNOB_assessment_in_Nepal_Simta_dataset.xlsx
1343,documents/Economic_poverty_factsheet_June_2023.pdf
1317,documents/Les_P20_au_Bénin_-_Atacora_et_Donga_final_version.pdf
1328,documents/Gender_inequality_briefing_TR8mENT.pdf
1279,documents/Economic_poverty_factsheet_February_2023.pdf
1296,documents/Background_and_methodology_Economic_poverty_trends_factsheet.pdf
1280,documents/Economic_poverty_factsheet_background_and_methodology.pdf
1281,documents/Economic_poverty_factsheet_February_2023_XtUdAb2.pdf
1318,documents/P20_in_Atacora_and_Donga_final_version_EuNeke8.pdf
1282,documents/Economic_poverty_factsheet_background_and_methodology_3G1ii7A.pdf
1329,documents/Gender_inequality_briefing_DpGdD5D.pdf
1283,documents/Economic_poverty_factsheet_February_2023_fJEvCWf.pdf
1330,documents/Is_the_SDG_monitoring_framework_broken_discussion_paper_FINAL_MAY_2023.pdf
1284,documents/Economic_poverty_factsheet_background_and_methodology_Q6EI1dE.pdf
1285,documents/Economic_poverty_factsheet_February_2023_JRJ2Y4f.pdf
1320,documents/P20_Atakora_Donga_Dataset_final.xlsx
1303,documents/Economic_poverty_factsheet_background_and_methodology_LSSaIHh.pdf
1306,documents/P20_in_Atacora_and_Donga_final.pdf
1286,documents/Economic_poverty_factsheet_background_and_methodology_adOlDrB.pdf
1321,documents/Gender_inequality_briefing.pdf
1337,documents/LNOB_Nepal_Simta_report_Final_June.pdf
1322,documents/Gender_inequality_briefing_72cLTNH.pdf
1323,documents/Inequality_Global_trends_update_2023_final_version.pdf
1324,documents/Inequality_Global_trends_update_2023_final_version_XWXQfYx.pdf
1325,documents/Inequality_Global_trends_update_2023_final_version.docx
1340,documents/LNOB_Nepal_Simta_report_Final_June_8sEnLkf.pdf
1291,documents/Economic_poverty_trends_dataset.xlsx
1245,documents/MDP_poverty_guide_EP0H28e.pdf
1216,documents/Chinese_lending_to_East_Africa_-_What_the_numbers_tell_us.pdf
1227,documents/Multidimensional_poverty_briefing.pdf
1201,documents/Project_Manager_Recruitment_Pack.pdf
1202,documents/Project_Manager_Recruitment_Pack.docx
1203,documents/Project_Manager_Recruitment_Pack_B3jwQ9P.pdf
1204,documents/Project_Manager_Recruitment_Pack_rec2sDQ.docx
1228,documents/Multidimensional_poverty_guide.pdf
1231,documents/The_Ukraine_crisis_and_diverted_aid-What_we_know_so_far_YDkY45f.pdf
1232,documents/The_Ukraine_crisis_and_diverted_aid-What_we_know_so_far_KU1uxZP.pdf
1233,documents/Multidimensional_poverty_briefing_QGCu3dj.pdf
1243,documents/MDP_poverty_guide.pdf
1244,documents/MDP_poverty_guide_9DxlrSB.pdf
1247,documents/TMK_DI_funding_flows_report_FINAL_moderated_W7BjTXq.pdf
1249,documents/Methodology_note_The_data_behind_the_debate_over_Ugandas_income_status.pdf
1250,documents/GPI_Programme_Lead_Africa_role_profile.pdf
1251,documents/GPI_Programme_Lead_for_Africa_Terms_of_Reference.pdf
334,documents/GDPR_Website_Privacy_And_Cookie_Notice.pdf
1467,documents/Request_for_audit_application_-_Africa_Hub_Office_Revised.docx
1311,documents/Business_Development_Intern_Recruitment-pack_2023_final.pdf
1336,documents/Trends_in_traditional_and_non-traditional_aid_flows_to_Kenya_Uganda_and_Ethiopia.pdf
1287,documents/Fundraising_Development_Manager_recruitment_pack_guSZfBA.pdf
1307,documents/SHD261_nexus_financing_data_for_distribution_signed_off_final_v2.pdf
1288,documents/Fundraising_Development_Manager_recruitment_pack_HwzhusR.docx
1298,documents/SHD261_nexus_financing_data_for_distribution_signed_off_final_v2_5G8xy9F.pdf
1270,documents/Senior_Project_Manager_Recruitment_Pack-Bristol.pdf
1271,documents/Senior_Project_Manager_Recruitment_Pack-Bristol.docx
1290,documents/Executive_Assistant_recruitment_pack_iDwU0G8.docx
1351,documents/GHA2023_accessible_version_final.docx
1364,documents/Sources_of_information_on_UK_climate_finance.pdf
1162,documents/Funding_for_gender-relevant_humanitarian_response_Word_version_xKlbtUV.docx
1176,documents/Senior_Analyst_Poverty_and_Inequality_Kenya_Recruitment_Pack.pdf
1177,documents/Senior_Analyst_Poverty_and_Inequality_UK_Recruitment_Pack.pdf
1178,documents/Senior_Analyst_Poverty_and_Inequality_Kenya_Recruitment_Pack.docx
1179,documents/Senior_Analyst_Poverty_and_Inequality_UK_Recruitment_Pack.docx
1166,documents/Head_of_Finance_Recruitment_pack_6IUfx1o.pdf
1167,documents/Head_of_Finance_Recruitment_Pack.docx
1169,documents/UK_aid_Trends_in_the_quality_and_quantity_of_UK_ODA_sQCIFgA.pdf
1274,documents/Fundraising_Development_Manager_recruitment_pack.pdf
1187,documents/FCDOs_Aid_Spending_for_Nutrition_2020.pdf
1194,documents/Interim_Director_of_Growth_and_External_Relations_role_profile.pdf
1195,documents/Interim_Director_of_Growth_and_External_Relations_Recruitment_Pack.docx
1197,documents/GHA_report_2022_accessible_Word_version.docx
1214,documents/The_food_insecurity_gap_and_protracted_humanitarian_crisis_v2_7vbcXHG.pdf
1215,documents/The_food_insecurity_gap_and_protracted_humanitarian_crisis_v2_apab1Mm.pdf
1259,documents/Head_of_CEOs_Office_Recruitment_Pack.docx
1275,documents/Fundraising_Development_Manager_recruitment_pack.docx
1241,documents/Climate-driven_crises_in_Pakistan.pdf
1468,documents/Global_Public_Investment._A_Climate_Finance_Solution_for_West_Africa.pdf
1488,documents/Independent_Consultant_Project_Endterm_Evaluation_PDF.pdf
1397,documents/The_Green_Bargain_v.4_Oxfam_September_2023.pdf
1469,documents/The_conundrum_of_climate_financing.pdf
1470,documents/Delivering_an_ambitious_IDA_replenishment_for_Africas_development.pdf
1087,documents/The_data_side_of_leaving_no_one_behind.pdf
1472,documents/The_African_Development_Bank_as_a_catalyst_for_reforming_global_financial_architecture.pdf
1474,documents/Dataset_Data_analysis_to_leave_no_one_behind_in_Simta_Nepal.xlsx
1475,documents/Dataset_Data_analysis_to_leave_no_one_behind_in_Tulsipur_Nepal.xlsx
1482,documents/Dataset_How_does_Ugandas_data_ecosystem_inform_social_protection_systems.xlsx
1477,documents/Data_analysis_to_leave_no_one_behind_in_Simta_Nepal.pdf
1476,documents/Data_analysis_to_leave_no_one_behind_in_Tulsipur_Nepal.pdf
1483,documents/Data_inventory_How_does_Ugandas_data_ecosystem_inform_social_protection_systems.xlsx
1484,documents/How_does_Ugandas_data_ecosystem_inform_social_protection_systems.pdf
1492,documents/Open_letter_to_G20_Finance_Ministers.pdf
1485,documents/report_Climate_finance-Earning_trust_through_consistent_reporting.pdf
1491,documents/Independent_Consultant_Project_Endterm_Evaluation_word.docx
1497,documents/County_Development_Index_Consultancy.pdf
1496,documents/Global_Public_Investment_Climate_Finance_and_the_Role_of_GPI_in_Namibia.pdf
1498,documents/County_Development_Index_Consultancy_1.docx
1500,documents/Concessional_loans_for_Africas_climate_crisis_Whose_fiscal_effort.pdf
1236,documents/DII_2021_signed_accounts_9LqbvU4.pdf
1403,documents/Senior_Policy__Engagement_Advisor_Maternity_cover_Recruitment_pack_2.docx
1404,documents/Senior_Policy__Engagement_Advisor_Maternity_cover_Recruitment_pack_2.pdf
1421,documents/fcdo_data_factsheet_rvoa_final.docx
1422,documents/fcdo_data_factsheet_rvoa_final.pdf
1425,documents/three-years-of-uk-aid-cuts-where-has-ODA-been-hit-hardest-factsheet-1.pdf
1426,documents/Senior_Policy__Engagement_Advisor_Maternity_cover_Recruitment_pack_updated.docx
1427,documents/Senior_Policy__Engagement_Advisor_Maternity_cover_Recruitment_pack_updated.pdf
1471,documents/Aid_effectiveness_in_Uganda_Social_protection_in_focus_case_study_report.pdf
1478,documents/G7_Leaders_Letter_2024.pdf
1480,documents/FCDOs_Aid_Spending_for_Nutrition_2021_updated.pdf
1481,documents/FCDOs_Aid_Spending_for_Nutrition_2020_updated.pdf
1493,documents/facilitator_rapporteur_consultant_terms_of_reference.pdf
1494,documents/facilitator_rapporteur_consultant_terms_of_reference.docx
1501,documents/From_gender-relevant_to_gender-transformative_climate_finance_Rwanda_case_study.pdf
1499,documents/Catalogue_of_quality_funding_practices_to_the_humanitarian_response.pdf
1502,documents/Climate_vulnerability_climate_finance_ODA_and_protracted_crisis_2024.xlsx
1503,documents/Digital_Compacts_Global_ideals_regional_realities.pdf
1504,documents/ODA_financing_the_climategenderdisability_interface_Key_facts.pdf
1505,documents/Indirect_costs_for_local_and_national_partners_Policy_and_practice_mapping.pdf
1506,documents/Falling_short_Humanitarian_funding_and_reform.pdf
1507,documents/National_factors_for_successful_aid_programmes_Kenya_Uganda_Ethiopia.pdf
1508,documents/Kenyas_aid_information_management_The_data_landscape.pdf
